path,relative_path,folder,name,extension,size_bytes,size_mb,mtime
/Users/retriedstormtrooper/Downloads/03_图片素材/RAW_DNG照片/01_散片原始DNG/IDG_20260410_140916_153 2.DNG,01_散片原始DNG/IDG_20260410_140916_153 2.DNG,01_散片原始DNG,IDG_20260410_140916_153 2.DNG,.dng,27068844,25.815,1775892529
/Users/retriedstormtrooper/Downloads/03_图片素材/RAW_DNG照片/01_散片原始DNG/IDG_20260411_152822_608.DNG,01_散片原始DNG/IDG_20260411_152822_608.DNG,01_散片原始DNG,IDG_20260411_152822_608.DNG,.dng,22386556,21.349,1775892682
/Users/retriedstormtrooper/Downloads/03_图片素材/RAW_DNG照片/01_散片原始DNG/IMG20260603204112..dng,01_散片原始DNG/IMG20260603204112..dng,01_散片原始DNG,IMG20260603204112..dng,.dng,68253621,65.092,1780550376
/Users/retriedstormtrooper/Downloads/03_图片素材/RAW_DNG照片/01_散片原始DNG/IMG20260603204125..dng,01_散片原始DNG/IMG20260603204125..dng,01_散片原始DNG,IMG20260603204125..dng,.dng,72778890,69.407,1780550395
/Users/retriedstormtrooper/Downloads/03_图片素材/RAW_DNG照片/01_散片原始DNG/IMG20260603204609..dng,01_散片原始DNG/IMG20260603204609..dng,01_散片原始DNG,IMG20260603204609..dng,.dng,71254030,67.953,1780550388
/Users/retriedstormtrooper/Downloads/03_图片素材/RAW_DNG照片/01_散片原始DNG/IMG20260603204611..dng,01_散片原始DNG/IMG20260603204611..dng,01_散片原始DNG,IMG20260603204611..dng,.dng,84474960,80.562,1780551158
/Users/retriedstormtrooper/Downloads/03_图片素材/RAW_DNG照片/02_转换DNG/IDG_20260410_140916_153_converted.DNG,02_转换DNG/IDG_20260410_140916_153_converted.DNG,02_转换DNG,IDG_20260410_140916_153_converted.DNG,.dng,75847024,72.333,1775892328
/Users/retriedstormtrooper/Downloads/03_图片素材/RAW_DNG照片/03_成组拍摄/20260528_IMG_4897/IMG_4897.DNG,03_成组拍摄/20260528_IMG_4897/IMG_4897.DNG,03_成组拍摄/20260528_IMG_4897,IMG_4897.DNG,.dng,18779436,17.909,1779948487
/Users/retriedstormtrooper/Downloads/03_图片素材/RAW_DNG照片/03_成组拍摄/20260531_IDG_131302_390/IMG_2972.DNG,03_成组拍摄/20260531_IDG_131302_390/IMG_2972.DNG,03_成组拍摄/20260531_IDG_131302_390,IMG_2972.DNG,.dng,13514574,12.889,1780204418
/Users/retriedstormtrooper/Downloads/03_图片素材/RAW_DNG照片/03_成组拍摄/20260531_IDG_131302_390/IMG_2972_converted.DNG,03_成组拍摄/20260531_IDG_131302_390/IMG_2972_converted.DNG,03_成组拍摄/20260531_IDG_131302_390,IMG_2972_converted.DNG,.dng,13514574,12.889,1780204418
/Users/retriedstormtrooper/Downloads/03_图片素材/RAW_DNG照片/04_批量导出_转换与预览/converted_DNG/IMG_0232_converted.DNG,04_批量导出_转换与预览/converted_DNG/IMG_0232_converted.DNG,04_批量导出_转换与预览/converted_DNG,IMG_0232_converted.DNG,.dng,17976888,17.144,1773497083
/Users/retriedstormtrooper/Downloads/03_图片素材/RAW_DNG照片/04_批量导出_转换与预览/converted_DNG/IMG_0233_converted.DNG,04_批量导出_转换与预览/converted_DNG/IMG_0233_converted.DNG,04_批量导出_转换与预览/converted_DNG,IMG_0233_converted.DNG,.dng,15789402,15.058,1773497083
/Users/retriedstormtrooper/Downloads/03_图片素材/RAW_DNG照片/04_批量导出_转换与预览/converted_DNG/IMG_0234_converted.DNG,04_批量导出_转换与预览/converted_DNG/IMG_0234_converted.DNG,04_批量导出_转换与预览/converted_DNG,IMG_0234_converted.DNG,.dng,8553414,8.157,1773497083
/Users/retriedstormtrooper/Downloads/03_图片素材/RAW_DNG照片/04_批量导出_转换与预览/converted_DNG/IMG_0235_converted.DNG,04_批量导出_转换与预览/converted_DNG/IMG_0235_converted.DNG,04_批量导出_转换与预览/converted_DNG,IMG_0235_converted.DNG,.dng,17863506,17.036,1773497083
/Users/retriedstormtrooper/Downloads/03_图片素材/RAW_DNG照片/04_批量导出_转换与预览/converted_DNG/IMG_0236_converted.DNG,04_批量导出_转换与预览/converted_DNG/IMG_0236_converted.DNG,04_批量导出_转换与预览/converted_DNG,IMG_0236_converted.DNG,.dng,16025266,15.283,1773497083
/Users/retriedstormtrooper/Downloads/03_图片素材/RAW_DNG照片/04_批量导出_转换与预览/converted_DNG/IMG_0237_converted.DNG,04_批量导出_转换与预览/converted_DNG/IMG_0237_converted.DNG,04_批量导出_转换与预览/converted_DNG,IMG_0237_converted.DNG,.dng,19539944,18.635,1773497083
/Users/retriedstormtrooper/Downloads/03_图片素材/RAW_DNG照片/04_批量导出_转换与预览/converted_DNG/IMG_0313_converted.DNG,04_批量导出_转换与预览/converted_DNG/IMG_0313_converted.DNG,04_批量导出_转换与预览/converted_DNG,IMG_0313_converted.DNG,.dng,18244448,17.399,1773497083
/Users/retriedstormtrooper/Downloads/03_图片素材/RAW_DNG照片/04_批量导出_转换与预览/converted_DNG/IMG_0314_converted.DNG,04_批量导出_转换与预览/converted_DNG/IMG_0314_converted.DNG,04_批量导出_转换与预览/converted_DNG,IMG_0314_converted.DNG,.dng,12739188,12.149,1773497083
/Users/retriedstormtrooper/Downloads/03_图片素材/RAW_DNG照片/04_批量导出_转换与预览/converted_DNG/IMG_0315_converted.DNG,04_批量导出_转换与预览/converted_DNG/IMG_0315_converted.DNG,04_批量导出_转换与预览/converted_DNG,IMG_0315_converted.DNG,.dng,13363156,12.744,1773497083
/Users/retriedstormtrooper/Downloads/03_图片素材/RAW_DNG照片/04_批量导出_转换与预览/converted_DNG/IMG_0316_converted.DNG,04_批量导出_转换与预览/converted_DNG/IMG_0316_converted.DNG,04_批量导出_转换与预览/converted_DNG,IMG_0316_converted.DNG,.dng,8651278,8.251,1773497082
/Users/retriedstormtrooper/Downloads/03_图片素材/RAW_DNG照片/04_批量导出_转换与预览/converted_DNG/IMG_0320_converted.DNG,04_批量导出_转换与预览/converted_DNG/IMG_0320_converted.DNG,04_批量导出_转换与预览/converted_DNG,IMG_0320_converted.DNG,.dng,20746846,19.786,1773497084
/Users/retriedstormtrooper/Downloads/03_图片素材/RAW_DNG照片/04_批量导出_转换与预览/converted_DNG/IMG_0321_converted.DNG,04_批量导出_转换与预览/converted_DNG/IMG_0321_converted.DNG,04_批量导出_转换与预览/converted_DNG,IMG_0321_converted.DNG,.dng,20928264,19.959,1773497085
/Users/retriedstormtrooper/Downloads/03_图片素材/RAW_DNG照片/04_批量导出_转换与预览/converted_DNG/IMG_0322_converted.DNG,04_批量导出_转换与预览/converted_DNG/IMG_0322_converted.DNG,04_批量导出_转换与预览/converted_DNG,IMG_0322_converted.DNG,.dng,20181622,19.247,1773497085
/Users/retriedstormtrooper/Downloads/03_图片素材/RAW_DNG照片/04_批量导出_转换与预览/converted_DNG/IMG_0333_converted.DNG,04_批量导出_转换与预览/converted_DNG/IMG_0333_converted.DNG,04_批量导出_转换与预览/converted_DNG,IMG_0333_converted.DNG,.dng,19036434,18.155,1773497086
/Users/retriedstormtrooper/Downloads/03_图片素材/RAW_DNG照片/04_批量导出_转换与预览/converted_DNG/IMG_0336_converted.DNG,04_批量导出_转换与预览/converted_DNG/IMG_0336_converted.DNG,04_批量导出_转换与预览/converted_DNG,IMG_0336_converted.DNG,.dng,18139408,17.299,1773497086
/Users/retriedstormtrooper/Downloads/03_图片素材/RAW_DNG照片/04_批量导出_转换与预览/converted_DNG/IMG_0337_converted.DNG,04_批量导出_转换与预览/converted_DNG/IMG_0337_converted.DNG,04_批量导出_转换与预览/converted_DNG,IMG_0337_converted.DNG,.dng,18140782,17.3,1773497086
/Users/retriedstormtrooper/Downloads/03_图片素材/RAW_DNG照片/04_批量导出_转换与预览/converted_DNG/IMG_0340_converted.DNG,04_批量导出_转换与预览/converted_DNG/IMG_0340_converted.DNG,04_批量导出_转换与预览/converted_DNG,IMG_0340_converted.DNG,.dng,19788406,18.872,1773497086
/Users/retriedstormtrooper/Downloads/03_图片素材/RAW_DNG照片/04_批量导出_转换与预览/converted_DNG/IMG_0341_converted.DNG,04_批量导出_转换与预览/converted_DNG/IMG_0341_converted.DNG,04_批量导出_转换与预览/converted_DNG,IMG_0341_converted.DNG,.dng,20827338,19.862,1773497086
/Users/retriedstormtrooper/Downloads/03_图片素材/RAW_DNG照片/04_批量导出_转换与预览/converted_DNG/IMG_0342_converted.DNG,04_批量导出_转换与预览/converted_DNG/IMG_0342_converted.DNG,04_批量导出_转换与预览/converted_DNG,IMG_0342_converted.DNG,.dng,65078392,62.064,1773497089
/Users/retriedstormtrooper/Downloads/03_图片素材/RAW_DNG照片/04_批量导出_转换与预览/converted_DNG/IMG_0348_converted.DNG,04_批量导出_转换与预览/converted_DNG/IMG_0348_converted.DNG,04_批量导出_转换与预览/converted_DNG,IMG_0348_converted.DNG,.dng,15287850,14.58,1773497086
/Users/retriedstormtrooper/Downloads/03_图片素材/RAW_DNG照片/04_批量导出_转换与预览/converted_DNG/IMG_0349_converted.DNG,04_批量导出_转换与预览/converted_DNG/IMG_0349_converted.DNG,04_批量导出_转换与预览/converted_DNG,IMG_0349_converted.DNG,.dng,15258864,14.552,1773497087
/Users/retriedstormtrooper/Downloads/03_图片素材/RAW_DNG照片/04_批量导出_转换与预览/converted_DNG/IMG_0350_converted.DNG,04_批量导出_转换与预览/converted_DNG/IMG_0350_converted.DNG,04_批量导出_转换与预览/converted_DNG,IMG_0350_converted.DNG,.dng,18145740,17.305,1773497088
/Users/retriedstormtrooper/Downloads/03_图片素材/RAW_DNG照片/04_批量导出_转换与预览/converted_DNG/IMG_0351_converted.DNG,04_批量导出_转换与预览/converted_DNG/IMG_0351_converted.DNG,04_批量导出_转换与预览/converted_DNG,IMG_0351_converted.DNG,.dng,16200106,15.45,1773497089
/Users/retriedstormtrooper/Downloads/03_图片素材/RAW_DNG照片/04_批量导出_转换与预览/converted_DNG/IMG_0352_converted.DNG,04_批量导出_转换与预览/converted_DNG/IMG_0352_converted.DNG,04_批量导出_转换与预览/converted_DNG,IMG_0352_converted.DNG,.dng,14099628,13.446,1773497089
/Users/retriedstormtrooper/Downloads/03_图片素材/RAW_DNG照片/04_批量导出_转换与预览/converted_DNG/IMG_0353_converted.DNG,04_批量导出_转换与预览/converted_DNG/IMG_0353_converted.DNG,04_批量导出_转换与预览/converted_DNG,IMG_0353_converted.DNG,.dng,7685300,7.329,1773497089
/Users/retriedstormtrooper/Downloads/03_图片素材/RAW_DNG照片/04_批量导出_转换与预览/converted_DNG/IMG_0354_converted.DNG,04_批量导出_转换与预览/converted_DNG/IMG_0354_converted.DNG,04_批量导出_转换与预览/converted_DNG,IMG_0354_converted.DNG,.dng,14125504,13.471,1773497089
/Users/retriedstormtrooper/Downloads/03_图片素材/RAW_DNG照片/04_批量导出_转换与预览/converted_DNG/IMG_0355_converted.DNG,04_批量导出_转换与预览/converted_DNG/IMG_0355_converted.DNG,04_批量导出_转换与预览/converted_DNG,IMG_0355_converted.DNG,.dng,14436586,13.768,1773497089
/Users/retriedstormtrooper/Downloads/03_图片素材/RAW_DNG照片/04_批量导出_转换与预览/converted_DNG/IMG_0380_converted.DNG,04_批量导出_转换与预览/converted_DNG/IMG_0380_converted.DNG,04_批量导出_转换与预览/converted_DNG,IMG_0380_converted.DNG,.dng,43911374,41.877,1773497093
/Users/retriedstormtrooper/Downloads/03_图片素材/RAW_DNG照片/04_批量导出_转换与预览/converted_DNG/IMG_0381_converted.DNG,04_批量导出_转换与预览/converted_DNG/IMG_0381_converted.DNG,04_批量导出_转换与预览/converted_DNG,IMG_0381_converted.DNG,.dng,40023470,38.169,1773497093
/Users/retriedstormtrooper/Downloads/03_图片素材/RAW_DNG照片/04_批量导出_转换与预览/converted_DNG/IMG_0382_converted.DNG,04_批量导出_转换与预览/converted_DNG/IMG_0382_converted.DNG,04_批量导出_转换与预览/converted_DNG,IMG_0382_converted.DNG,.dng,14370750,13.705,1773497091
/Users/retriedstormtrooper/Downloads/03_图片素材/RAW_DNG照片/04_批量导出_转换与预览/converted_DNG/IMG_0383_converted.DNG,04_批量导出_转换与预览/converted_DNG/IMG_0383_converted.DNG,04_批量导出_转换与预览/converted_DNG,IMG_0383_converted.DNG,.dng,16098344,15.353,1773497093
/Users/retriedstormtrooper/Downloads/03_图片素材/RAW_DNG照片/04_批量导出_转换与预览/converted_DNG/IMG_0384_converted.DNG,04_批量导出_转换与预览/converted_DNG/IMG_0384_converted.DNG,04_批量导出_转换与预览/converted_DNG,IMG_0384_converted.DNG,.dng,13939830,13.294,1773497092
/Users/retriedstormtrooper/Downloads/03_图片素材/RAW_DNG照片/04_批量导出_转换与预览/converted_DNG/IMG_0425_converted.DNG,04_批量导出_转换与预览/converted_DNG/IMG_0425_converted.DNG,04_批量导出_转换与预览/converted_DNG,IMG_0425_converted.DNG,.dng,18491752,17.635,1773497093
/Users/retriedstormtrooper/Downloads/03_图片素材/RAW_DNG照片/04_批量导出_转换与预览/converted_DNG/IMG_0426_converted.DNG,04_批量导出_转换与预览/converted_DNG/IMG_0426_converted.DNG,04_批量导出_转换与预览/converted_DNG,IMG_0426_converted.DNG,.dng,14471652,13.801,1773497093
/Users/retriedstormtrooper/Downloads/03_图片素材/RAW_DNG照片/04_批量导出_转换与预览/converted_DNG/IMG_0427_converted.DNG,04_批量导出_转换与预览/converted_DNG/IMG_0427_converted.DNG,04_批量导出_转换与预览/converted_DNG,IMG_0427_converted.DNG,.dng,16729240,15.954,1773497093
/Users/retriedstormtrooper/Downloads/03_图片素材/RAW_DNG照片/04_批量导出_转换与预览/converted_DNG/IMG_0428_converted.DNG,04_批量导出_转换与预览/converted_DNG/IMG_0428_converted.DNG,04_批量导出_转换与预览/converted_DNG,IMG_0428_converted.DNG,.dng,19699880,18.787,1773497093
/Users/retriedstormtrooper/Downloads/03_图片素材/RAW_DNG照片/04_批量导出_转换与预览/converted_DNG/IMG_0429_converted.DNG,04_批量导出_转换与预览/converted_DNG/IMG_0429_converted.DNG,04_批量导出_转换与预览/converted_DNG,IMG_0429_converted.DNG,.dng,18868680,17.995,1773497094
/Users/retriedstormtrooper/Downloads/03_图片素材/RAW_DNG照片/04_批量导出_转换与预览/converted_DNG/IMG_0430_converted.DNG,04_批量导出_转换与预览/converted_DNG/IMG_0430_converted.DNG,04_批量导出_转换与预览/converted_DNG,IMG_0430_converted.DNG,.dng,16833200,16.053,1773497095
/Users/retriedstormtrooper/Downloads/03_图片素材/RAW_DNG照片/04_批量导出_转换与预览/converted_DNG/IMG_0431_converted.DNG,04_批量导出_转换与预览/converted_DNG/IMG_0431_converted.DNG,04_批量导出_转换与预览/converted_DNG,IMG_0431_converted.DNG,.dng,18455040,17.6,1773497096
/Users/retriedstormtrooper/Downloads/03_图片素材/RAW_DNG照片/04_批量导出_转换与预览/converted_DNG/IMG_0432_converted.DNG,04_批量导出_转换与预览/converted_DNG/IMG_0432_converted.DNG,04_批量导出_转换与预览/converted_DNG,IMG_0432_converted.DNG,.dng,17082804,16.291,1773497096
/Users/retriedstormtrooper/Downloads/03_图片素材/RAW_DNG照片/04_批量导出_转换与预览/converted_DNG/IMG_0434_converted.DNG,04_批量导出_转换与预览/converted_DNG/IMG_0434_converted.DNG,04_批量导出_转换与预览/converted_DNG,IMG_0434_converted.DNG,.dng,14390622,13.724,1773497096
/Users/retriedstormtrooper/Downloads/03_图片素材/RAW_DNG照片/04_批量导出_转换与预览/converted_DNG/IMG_0435_converted.DNG,04_批量导出_转换与预览/converted_DNG/IMG_0435_converted.DNG,04_批量导出_转换与预览/converted_DNG,IMG_0435_converted.DNG,.dng,17842598,17.016,1773497096
/Users/retriedstormtrooper/Downloads/03_图片素材/RAW_DNG照片/04_批量导出_转换与预览/converted_DNG/IMG_0436_converted.DNG,04_批量导出_转换与预览/converted_DNG/IMG_0436_converted.DNG,04_批量导出_转换与预览/converted_DNG,IMG_0436_converted.DNG,.dng,18816232,17.945,1773497096
/Users/retriedstormtrooper/Downloads/03_图片素材/RAW_DNG照片/04_批量导出_转换与预览/converted_DNG/IMG_0437_converted.DNG,04_批量导出_转换与预览/converted_DNG/IMG_0437_converted.DNG,04_批量导出_转换与预览/converted_DNG,IMG_0437_converted.DNG,.dng,18488584,17.632,1773497096
/Users/retriedstormtrooper/Downloads/03_图片素材/RAW_DNG照片/04_批量导出_转换与预览/converted_DNG/IMG_0445_converted.DNG,04_批量导出_转换与预览/converted_DNG/IMG_0445_converted.DNG,04_批量导出_转换与预览/converted_DNG,IMG_0445_converted.DNG,.dng,16907546,16.124,1773497097
/Users/retriedstormtrooper/Downloads/03_图片素材/RAW_DNG照片/04_批量导出_转换与预览/converted_DNG/IMG_0446_converted.DNG,04_批量导出_转换与预览/converted_DNG/IMG_0446_converted.DNG,04_批量导出_转换与预览/converted_DNG,IMG_0446_converted.DNG,.dng,13938152,13.292,1773497097
/Users/retriedstormtrooper/Downloads/03_图片素材/RAW_DNG照片/04_批量导出_转换与预览/converted_DNG/IMG_0449_converted.DNG,04_批量导出_转换与预览/converted_DNG/IMG_0449_converted.DNG,04_批量导出_转换与预览/converted_DNG,IMG_0449_converted.DNG,.dng,23373718,22.291,1773497097
/Users/retriedstormtrooper/Downloads/03_图片素材/RAW_DNG照片/04_批量导出_转换与预览/converted_DNG/IMG_0450_converted.DNG,04_批量导出_转换与预览/converted_DNG/IMG_0450_converted.DNG,04_批量导出_转换与预览/converted_DNG,IMG_0450_converted.DNG,.dng,23894312,22.787,1773497098
/Users/retriedstormtrooper/Downloads/03_图片素材/RAW_DNG照片/04_批量导出_转换与预览/converted_DNG/IMG_0452_converted.DNG,04_批量导出_转换与预览/converted_DNG/IMG_0452_converted.DNG,04_批量导出_转换与预览/converted_DNG,IMG_0452_converted.DNG,.dng,28977322,27.635,1773497098
/Users/retriedstormtrooper/Downloads/03_图片素材/RAW_DNG照片/04_批量导出_转换与预览/converted_DNG/IMG_0453_converted.DNG,04_批量导出_转换与预览/converted_DNG/IMG_0453_converted.DNG,04_批量导出_转换与预览/converted_DNG,IMG_0453_converted.DNG,.dng,28968468,27.626,1773497099
/Users/retriedstormtrooper/Downloads/03_图片素材/RAW_DNG照片/04_批量导出_转换与预览/converted_DNG/IMG_0456_converted.DNG,04_批量导出_转换与预览/converted_DNG/IMG_0456_converted.DNG,04_批量导出_转换与预览/converted_DNG,IMG_0456_converted.DNG,.dng,20971990,20.0,1773497099
/Users/retriedstormtrooper/Downloads/03_图片素材/RAW_DNG照片/04_批量导出_转换与预览/converted_DNG/IMG_0500_converted.DNG,04_批量导出_转换与预览/converted_DNG/IMG_0500_converted.DNG,04_批量导出_转换与预览/converted_DNG,IMG_0500_converted.DNG,.dng,22343624,21.309,1773497099
/Users/retriedstormtrooper/Downloads/03_图片素材/RAW_DNG照片/04_批量导出_转换与预览/converted_DNG/IMG_0501_converted.DNG,04_批量导出_转换与预览/converted_DNG/IMG_0501_converted.DNG,04_批量导出_转换与预览/converted_DNG,IMG_0501_converted.DNG,.dng,22378482,21.342,1773497099
/Users/retriedstormtrooper/Downloads/03_图片素材/RAW_DNG照片/04_批量导出_转换与预览/converted_DNG/IMG_0502_converted.DNG,04_批量导出_转换与预览/converted_DNG/IMG_0502_converted.DNG,04_批量导出_转换与预览/converted_DNG,IMG_0502_converted.DNG,.dng,25392860,24.217,1773497099
/Users/retriedstormtrooper/Downloads/03_图片素材/RAW_DNG照片/04_批量导出_转换与预览/converted_DNG/IMG_0503_converted.DNG,04_批量导出_转换与预览/converted_DNG/IMG_0503_converted.DNG,04_批量导出_转换与预览/converted_DNG,IMG_0503_converted.DNG,.dng,25528258,24.346,1773497099
/Users/retriedstormtrooper/Downloads/03_图片素材/RAW_DNG照片/04_批量导出_转换与预览/converted_DNG/IMG_0587_converted.DNG,04_批量导出_转换与预览/converted_DNG/IMG_0587_converted.DNG,04_批量导出_转换与预览/converted_DNG,IMG_0587_converted.DNG,.dng,25328694,24.155,1773497100
/Users/retriedstormtrooper/Downloads/03_图片素材/RAW_DNG照片/04_批量导出_转换与预览/converted_DNG/IMG_0841_converted.DNG,04_批量导出_转换与预览/converted_DNG/IMG_0841_converted.DNG,04_批量导出_转换与预览/converted_DNG,IMG_0841_converted.DNG,.dng,17010454,16.222,1773497100
/Users/retriedstormtrooper/Downloads/03_图片素材/RAW_DNG照片/04_批量导出_转换与预览/converted_DNG/IMG_0842_converted.DNG,04_批量导出_转换与预览/converted_DNG/IMG_0842_converted.DNG,04_批量导出_转换与预览/converted_DNG,IMG_0842_converted.DNG,.dng,16945336,16.16,1773497100
/Users/retriedstormtrooper/Downloads/03_图片素材/RAW_DNG照片/04_批量导出_转换与预览/converted_DNG/IMG_0847_converted.DNG,04_批量导出_转换与预览/converted_DNG/IMG_0847_converted.DNG,04_批量导出_转换与预览/converted_DNG,IMG_0847_converted.DNG,.dng,15697918,14.971,1773497101
/Users/retriedstormtrooper/Downloads/03_图片素材/RAW_DNG照片/04_批量导出_转换与预览/converted_DNG/IMG_1062_converted.DNG,04_批量导出_转换与预览/converted_DNG/IMG_1062_converted.DNG,04_批量导出_转换与预览/converted_DNG,IMG_1062_converted.DNG,.dng,23108008,22.038,1773497101
/Users/retriedstormtrooper/Downloads/03_图片素材/RAW_DNG照片/04_批量导出_转换与预览/converted_DNG/IMG_1063_converted.DNG,04_批量导出_转换与预览/converted_DNG/IMG_1063_converted.DNG,04_批量导出_转换与预览/converted_DNG,IMG_1063_converted.DNG,.dng,17694654,16.875,1773497102
/Users/retriedstormtrooper/Downloads/03_图片素材/RAW_DNG照片/04_批量导出_转换与预览/converted_DNG/IMG_1064_converted.DNG,04_批量导出_转换与预览/converted_DNG/IMG_1064_converted.DNG,04_批量导出_转换与预览/converted_DNG,IMG_1064_converted.DNG,.dng,17551336,16.738,1773497102
/Users/retriedstormtrooper/Downloads/03_图片素材/RAW_DNG照片/04_批量导出_转换与预览/converted_DNG/IMG_1065_converted.DNG,04_批量导出_转换与预览/converted_DNG/IMG_1065_converted.DNG,04_批量导出_转换与预览/converted_DNG,IMG_1065_converted.DNG,.dng,18189664,17.347,1773497101
/Users/retriedstormtrooper/Downloads/03_图片素材/RAW_DNG照片/04_批量导出_转换与预览/converted_DNG/IMG_1066_converted.DNG,04_批量导出_转换与预览/converted_DNG/IMG_1066_converted.DNG,04_批量导出_转换与预览/converted_DNG,IMG_1066_converted.DNG,.dng,18803248,17.932,1773497102
/Users/retriedstormtrooper/Downloads/03_图片素材/RAW_DNG照片/04_批量导出_转换与预览/converted_DNG/IMG_1206_converted.DNG,04_批量导出_转换与预览/converted_DNG/IMG_1206_converted.DNG,04_批量导出_转换与预览/converted_DNG,IMG_1206_converted.DNG,.dng,18485960,17.63,1773497101
/Users/retriedstormtrooper/Downloads/03_图片素材/RAW_DNG照片/04_批量导出_转换与预览/converted_DNG/IMG_1207_converted.DNG,04_批量导出_转换与预览/converted_DNG/IMG_1207_converted.DNG,04_批量导出_转换与预览/converted_DNG,IMG_1207_converted.DNG,.dng,17166392,16.371,1773497101
/Users/retriedstormtrooper/Downloads/03_图片素材/RAW_DNG照片/04_批量导出_转换与预览/converted_DNG/IMG_1283_converted.DNG,04_批量导出_转换与预览/converted_DNG/IMG_1283_converted.DNG,04_批量导出_转换与预览/converted_DNG,IMG_1283_converted.DNG,.dng,18884690,18.01,1773497102
/Users/retriedstormtrooper/Downloads/03_图片素材/RAW_DNG照片/04_批量导出_转换与预览/converted_DNG/IMG_1284_converted.DNG,04_批量导出_转换与预览/converted_DNG/IMG_1284_converted.DNG,04_批量导出_转换与预览/converted_DNG,IMG_1284_converted.DNG,.dng,18112324,17.273,1773497103
/Users/retriedstormtrooper/Downloads/03_图片素材/RAW_DNG照片/04_批量导出_转换与预览/converted_DNG/IMG_1285_converted.DNG,04_批量导出_转换与预览/converted_DNG/IMG_1285_converted.DNG,04_批量导出_转换与预览/converted_DNG,IMG_1285_converted.DNG,.dng,19526404,18.622,1773497103
/Users/retriedstormtrooper/Downloads/03_图片素材/RAW_DNG照片/04_批量导出_转换与预览/converted_DNG/IMG_1296_converted.DNG,04_批量导出_转换与预览/converted_DNG/IMG_1296_converted.DNG,04_批量导出_转换与预览/converted_DNG,IMG_1296_converted.DNG,.dng,15371338,14.659,1773497104
/Users/retriedstormtrooper/Downloads/03_图片素材/RAW_DNG照片/04_批量导出_转换与预览/converted_DNG/IMG_1297_converted.DNG,04_批量导出_转换与预览/converted_DNG/IMG_1297_converted.DNG,04_批量导出_转换与预览/converted_DNG,IMG_1297_converted.DNG,.dng,16409788,15.65,1773497104
/Users/retriedstormtrooper/Downloads/03_图片素材/RAW_DNG照片/04_批量导出_转换与预览/converted_DNG/IMG_1298_converted.DNG,04_批量导出_转换与预览/converted_DNG/IMG_1298_converted.DNG,04_批量导出_转换与预览/converted_DNG,IMG_1298_converted.DNG,.dng,14310100,13.647,1773497104
/Users/retriedstormtrooper/Downloads/03_图片素材/RAW_DNG照片/04_批量导出_转换与预览/converted_DNG/IMG_1299_converted.DNG,04_批量导出_转换与预览/converted_DNG/IMG_1299_converted.DNG,04_批量导出_转换与预览/converted_DNG,IMG_1299_converted.DNG,.dng,14026080,13.376,1773497104
/Users/retriedstormtrooper/Downloads/03_图片素材/RAW_DNG照片/04_批量导出_转换与预览/converted_DNG/IMG_1300_converted.DNG,04_批量导出_转换与预览/converted_DNG/IMG_1300_converted.DNG,04_批量导出_转换与预览/converted_DNG,IMG_1300_converted.DNG,.dng,16909658,16.126,1773497104
/Users/retriedstormtrooper/Downloads/03_图片素材/RAW_DNG照片/04_批量导出_转换与预览/converted_DNG/IMG_1301_converted.DNG,04_批量导出_转换与预览/converted_DNG/IMG_1301_converted.DNG,04_批量导出_转换与预览/converted_DNG,IMG_1301_converted.DNG,.dng,16863318,16.082,1773497104
/Users/retriedstormtrooper/Downloads/03_图片素材/RAW_DNG照片/04_批量导出_转换与预览/converted_DNG/IMG_1305_converted.DNG,04_批量导出_转换与预览/converted_DNG/IMG_1305_converted.DNG,04_批量导出_转换与预览/converted_DNG,IMG_1305_converted.DNG,.dng,15824258,15.091,1773497105
/Users/retriedstormtrooper/Downloads/03_图片素材/RAW_DNG照片/04_批量导出_转换与预览/converted_DNG/IMG_1306_converted.DNG,04_批量导出_转换与预览/converted_DNG/IMG_1306_converted.DNG,04_批量导出_转换与预览/converted_DNG,IMG_1306_converted.DNG,.dng,14821592,14.135,1773497105
/Users/retriedstormtrooper/Downloads/03_图片素材/RAW_DNG照片/04_批量导出_转换与预览/converted_DNG/IMG_1307_converted.DNG,04_批量导出_转换与预览/converted_DNG/IMG_1307_converted.DNG,04_批量导出_转换与预览/converted_DNG,IMG_1307_converted.DNG,.dng,24421264,23.29,1773497105
/Users/retriedstormtrooper/Downloads/03_图片素材/RAW_DNG照片/04_批量导出_转换与预览/converted_DNG/IMG_1325_converted.DNG,04_批量导出_转换与预览/converted_DNG/IMG_1325_converted.DNG,04_批量导出_转换与预览/converted_DNG,IMG_1325_converted.DNG,.dng,16808106,16.029,1773497106
/Users/retriedstormtrooper/Downloads/03_图片素材/RAW_DNG照片/04_批量导出_转换与预览/converted_DNG/IMG_1326_converted.DNG,04_批量导出_转换与预览/converted_DNG/IMG_1326_converted.DNG,04_批量导出_转换与预览/converted_DNG,IMG_1326_converted.DNG,.dng,15363752,14.652,1773497106
/Users/retriedstormtrooper/Downloads/03_图片素材/RAW_DNG照片/04_批量导出_转换与预览/converted_DNG/IMG_1327_converted.DNG,04_批量导出_转换与预览/converted_DNG/IMG_1327_converted.DNG,04_批量导出_转换与预览/converted_DNG,IMG_1327_converted.DNG,.dng,16452400,15.69,1773497106
/Users/retriedstormtrooper/Downloads/03_图片素材/RAW_DNG照片/04_批量导出_转换与预览/converted_DNG/IMG_1328_converted.DNG,04_批量导出_转换与预览/converted_DNG/IMG_1328_converted.DNG,04_批量导出_转换与预览/converted_DNG,IMG_1328_converted.DNG,.dng,14813848,14.128,1773497107
/Users/retriedstormtrooper/Downloads/03_图片素材/RAW_DNG照片/04_批量导出_转换与预览/converted_DNG/IMG_1329_converted.DNG,04_批量导出_转换与预览/converted_DNG/IMG_1329_converted.DNG,04_批量导出_转换与预览/converted_DNG,IMG_1329_converted.DNG,.dng,13969636,13.322,1773497107
/Users/retriedstormtrooper/Downloads/03_图片素材/RAW_DNG照片/04_批量导出_转换与预览/converted_DNG/IMG_1330_converted.DNG,04_批量导出_转换与预览/converted_DNG/IMG_1330_converted.DNG,04_批量导出_转换与预览/converted_DNG,IMG_1330_converted.DNG,.dng,16421106,15.66,1773497107
/Users/retriedstormtrooper/Downloads/03_图片素材/RAW_DNG照片/04_批量导出_转换与预览/converted_DNG/IMG_1331_converted.DNG,04_批量导出_转换与预览/converted_DNG/IMG_1331_converted.DNG,04_批量导出_转换与预览/converted_DNG,IMG_1331_converted.DNG,.dng,15888880,15.153,1773497107
/Users/retriedstormtrooper/Downloads/03_图片素材/RAW_DNG照片/04_批量导出_转换与预览/converted_DNG/IMG_1332_converted.DNG,04_批量导出_转换与预览/converted_DNG/IMG_1332_converted.DNG,04_批量导出_转换与预览/converted_DNG,IMG_1332_converted.DNG,.dng,17076874,16.286,1773497108
/Users/retriedstormtrooper/Downloads/03_图片素材/RAW_DNG照片/04_批量导出_转换与预览/converted_DNG/IMG_1333_converted.DNG,04_批量导出_转换与预览/converted_DNG/IMG_1333_converted.DNG,04_批量导出_转换与预览/converted_DNG,IMG_1333_converted.DNG,.dng,14486700,13.816,1773497107
/Users/retriedstormtrooper/Downloads/03_图片素材/RAW_DNG照片/04_批量导出_转换与预览/converted_DNG/IMG_1334_converted.DNG,04_批量导出_转换与预览/converted_DNG/IMG_1334_converted.DNG,04_批量导出_转换与预览/converted_DNG,IMG_1334_converted.DNG,.dng,18211760,17.368,1773497108
/Users/retriedstormtrooper/Downloads/03_图片素材/RAW_DNG照片/04_批量导出_转换与预览/converted_DNG/IMG_1336_converted.DNG,04_批量导出_转换与预览/converted_DNG/IMG_1336_converted.DNG,04_批量导出_转换与预览/converted_DNG,IMG_1336_converted.DNG,.dng,15070122,14.372,1773497108
/Users/retriedstormtrooper/Downloads/03_图片素材/RAW_DNG照片/04_批量导出_转换与预览/converted_DNG/IMG_1337_converted.DNG,04_批量导出_转换与预览/converted_DNG/IMG_1337_converted.DNG,04_批量导出_转换与预览/converted_DNG,IMG_1337_converted.DNG,.dng,16438534,15.677,1773497109
/Users/retriedstormtrooper/Downloads/03_图片素材/RAW_DNG照片/04_批量导出_转换与预览/converted_DNG/IMG_1340_converted.DNG,04_批量导出_转换与预览/converted_DNG/IMG_1340_converted.DNG,04_批量导出_转换与预览/converted_DNG,IMG_1340_converted.DNG,.dng,17405500,16.599,1773497109
/Users/retriedstormtrooper/Downloads/03_图片素材/RAW_DNG照片/04_批量导出_转换与预览/converted_DNG/IMG_1341_converted.DNG,04_批量导出_转换与预览/converted_DNG/IMG_1341_converted.DNG,04_批量导出_转换与预览/converted_DNG,IMG_1341_converted.DNG,.dng,16239022,15.487,1773497109
/Users/retriedstormtrooper/Downloads/03_图片素材/RAW_DNG照片/04_批量导出_转换与预览/converted_DNG/IMG_1342_converted.DNG,04_批量导出_转换与预览/converted_DNG/IMG_1342_converted.DNG,04_批量导出_转换与预览/converted_DNG,IMG_1342_converted.DNG,.dng,15821638,15.089,1773497109
/Users/retriedstormtrooper/Downloads/03_图片素材/RAW_DNG照片/04_批量导出_转换与预览/converted_DNG/IMG_1343_converted.DNG,04_批量导出_转换与预览/converted_DNG/IMG_1343_converted.DNG,04_批量导出_转换与预览/converted_DNG,IMG_1343_converted.DNG,.dng,15756724,15.027,1773497110
/Users/retriedstormtrooper/Downloads/03_图片素材/RAW_DNG照片/04_批量导出_转换与预览/converted_DNG/IMG_1344_converted.DNG,04_批量导出_转换与预览/converted_DNG/IMG_1344_converted.DNG,04_批量导出_转换与预览/converted_DNG,IMG_1344_converted.DNG,.dng,13099494,12.493,1773497110
/Users/retriedstormtrooper/Downloads/03_图片素材/RAW_DNG照片/04_批量导出_转换与预览/converted_DNG/IMG_1345_converted.DNG,04_批量导出_转换与预览/converted_DNG/IMG_1345_converted.DNG,04_批量导出_转换与预览/converted_DNG,IMG_1345_converted.DNG,.dng,13634400,13.003,1773497110
/Users/retriedstormtrooper/Downloads/03_图片素材/RAW_DNG照片/04_批量导出_转换与预览/converted_DNG/IMG_1350_converted.DNG,04_批量导出_转换与预览/converted_DNG/IMG_1350_converted.DNG,04_批量导出_转换与预览/converted_DNG,IMG_1350_converted.DNG,.dng,15269714,14.562,1773497111
/Users/retriedstormtrooper/Downloads/03_图片素材/RAW_DNG照片/04_批量导出_转换与预览/converted_DNG/IMG_1351_converted.DNG,04_批量导出_转换与预览/converted_DNG/IMG_1351_converted.DNG,04_批量导出_转换与预览/converted_DNG,IMG_1351_converted.DNG,.dng,15409286,14.695,1773497111
/Users/retriedstormtrooper/Downloads/03_图片素材/RAW_DNG照片/04_批量导出_转换与预览/converted_DNG/IMG_1352_converted.DNG,04_批量导出_转换与预览/converted_DNG/IMG_1352_converted.DNG,04_批量导出_转换与预览/converted_DNG,IMG_1352_converted.DNG,.dng,13753832,13.117,1773497111
/Users/retriedstormtrooper/Downloads/03_图片素材/RAW_DNG照片/04_批量导出_转换与预览/converted_DNG/IMG_1353_converted.DNG,04_批量导出_转换与预览/converted_DNG/IMG_1353_converted.DNG,04_批量导出_转换与预览/converted_DNG,IMG_1353_converted.DNG,.dng,13725252,13.089,1773497112
/Users/retriedstormtrooper/Downloads/03_图片素材/RAW_DNG照片/04_批量导出_转换与预览/converted_DNG/IMG_1354_converted.DNG,04_批量导出_转换与预览/converted_DNG/IMG_1354_converted.DNG,04_批量导出_转换与预览/converted_DNG,IMG_1354_converted.DNG,.dng,15898094,15.162,1773497112
/Users/retriedstormtrooper/Downloads/03_图片素材/RAW_DNG照片/04_批量导出_转换与预览/converted_DNG/IMG_1360_converted.DNG,04_批量导出_转换与预览/converted_DNG/IMG_1360_converted.DNG,04_批量导出_转换与预览/converted_DNG,IMG_1360_converted.DNG,.dng,15047800,14.351,1773497112
/Users/retriedstormtrooper/Downloads/03_图片素材/RAW_DNG照片/04_批量导出_转换与预览/converted_DNG/IMG_1361_converted.DNG,04_批量导出_转换与预览/converted_DNG/IMG_1361_converted.DNG,04_批量导出_转换与预览/converted_DNG,IMG_1361_converted.DNG,.dng,14776048,14.092,1773497112
/Users/retriedstormtrooper/Downloads/03_图片素材/RAW_DNG照片/04_批量导出_转换与预览/converted_DNG/IMG_1362_converted.DNG,04_批量导出_转换与预览/converted_DNG/IMG_1362_converted.DNG,04_批量导出_转换与预览/converted_DNG,IMG_1362_converted.DNG,.dng,15106424,14.407,1773497113
/Users/retriedstormtrooper/Downloads/03_图片素材/RAW_DNG照片/04_批量导出_转换与预览/converted_DNG/IMG_1364_converted.DNG,04_批量导出_转换与预览/converted_DNG/IMG_1364_converted.DNG,04_批量导出_转换与预览/converted_DNG,IMG_1364_converted.DNG,.dng,13873990,13.231,1773497112
/Users/retriedstormtrooper/Downloads/03_图片素材/RAW_DNG照片/04_批量导出_转换与预览/converted_DNG/IMG_1367_converted.DNG,04_批量导出_转换与预览/converted_DNG/IMG_1367_converted.DNG,04_批量导出_转换与预览/converted_DNG,IMG_1367_converted.DNG,.dng,13860292,13.218,1773497113
/Users/retriedstormtrooper/Downloads/03_图片素材/RAW_DNG照片/04_批量导出_转换与预览/converted_DNG/IMG_1368_converted.DNG,04_批量导出_转换与预览/converted_DNG/IMG_1368_converted.DNG,04_批量导出_转换与预览/converted_DNG,IMG_1368_converted.DNG,.dng,13520184,12.894,1773497113
/Users/retriedstormtrooper/Downloads/03_图片素材/RAW_DNG照片/04_批量导出_转换与预览/converted_DNG/IMG_1369_converted.DNG,04_批量导出_转换与预览/converted_DNG/IMG_1369_converted.DNG,04_批量导出_转换与预览/converted_DNG,IMG_1369_converted.DNG,.dng,13678348,13.045,1773497114
/Users/retriedstormtrooper/Downloads/03_图片素材/RAW_DNG照片/04_批量导出_转换与预览/converted_DNG/IMG_1370_converted.DNG,04_批量导出_转换与预览/converted_DNG/IMG_1370_converted.DNG,04_批量导出_转换与预览/converted_DNG,IMG_1370_converted.DNG,.dng,13545970,12.918,1773497114
/Users/retriedstormtrooper/Downloads/03_图片素材/RAW_DNG照片/04_批量导出_转换与预览/converted_DNG/IMG_1371_converted.DNG,04_批量导出_转换与预览/converted_DNG/IMG_1371_converted.DNG,04_批量导出_转换与预览/converted_DNG,IMG_1371_converted.DNG,.dng,13709448,13.074,1773497114
/Users/retriedstormtrooper/Downloads/03_图片素材/RAW_DNG照片/04_批量导出_转换与预览/converted_DNG/IMG_1372_converted.DNG,04_批量导出_转换与预览/converted_DNG/IMG_1372_converted.DNG,04_批量导出_转换与预览/converted_DNG,IMG_1372_converted.DNG,.dng,13983038,13.335,1773497115
/Users/retriedstormtrooper/Downloads/03_图片素材/RAW_DNG照片/04_批量导出_转换与预览/converted_DNG/IMG_1373_converted.DNG,04_批量导出_转换与预览/converted_DNG/IMG_1373_converted.DNG,04_批量导出_转换与预览/converted_DNG,IMG_1373_converted.DNG,.dng,13801382,13.162,1773497115
/Users/retriedstormtrooper/Downloads/03_图片素材/RAW_DNG照片/04_批量导出_转换与预览/converted_DNG/IMG_1374_converted.DNG,04_批量导出_转换与预览/converted_DNG/IMG_1374_converted.DNG,04_批量导出_转换与预览/converted_DNG,IMG_1374_converted.DNG,.dng,13865294,13.223,1773497115
/Users/retriedstormtrooper/Downloads/03_图片素材/RAW_DNG照片/04_批量导出_转换与预览/converted_DNG/IMG_1375_converted.DNG,04_批量导出_转换与预览/converted_DNG/IMG_1375_converted.DNG,04_批量导出_转换与预览/converted_DNG,IMG_1375_converted.DNG,.dng,13739616,13.103,1773497115
/Users/retriedstormtrooper/Downloads/03_图片素材/RAW_DNG照片/04_批量导出_转换与预览/converted_DNG/IMG_1376_converted.DNG,04_批量导出_转换与预览/converted_DNG/IMG_1376_converted.DNG,04_批量导出_转换与预览/converted_DNG,IMG_1376_converted.DNG,.dng,13737854,13.101,1773497115
/Users/retriedstormtrooper/Downloads/03_图片素材/RAW_DNG照片/04_批量导出_转换与预览/converted_DNG/IMG_1377_converted.DNG,04_批量导出_转换与预览/converted_DNG/IMG_1377_converted.DNG,04_批量导出_转换与预览/converted_DNG,IMG_1377_converted.DNG,.dng,10499672,10.013,1773497116
/Users/retriedstormtrooper/Downloads/03_图片素材/RAW_DNG照片/04_批量导出_转换与预览/converted_DNG/IMG_1378_converted.DNG,04_批量导出_转换与预览/converted_DNG/IMG_1378_converted.DNG,04_批量导出_转换与预览/converted_DNG,IMG_1378_converted.DNG,.dng,14057314,13.406,1773497116
/Users/retriedstormtrooper/Downloads/03_图片素材/RAW_DNG照片/04_批量导出_转换与预览/converted_DNG/IMG_1379_converted.DNG,04_批量导出_转换与预览/converted_DNG/IMG_1379_converted.DNG,04_批量导出_转换与预览/converted_DNG,IMG_1379_converted.DNG,.dng,12367988,11.795,1773497116
/Users/retriedstormtrooper/Downloads/03_图片素材/RAW_DNG照片/04_批量导出_转换与预览/converted_DNG/IMG_1380_converted.DNG,04_批量导出_转换与预览/converted_DNG/IMG_1380_converted.DNG,04_批量导出_转换与预览/converted_DNG,IMG_1380_converted.DNG,.dng,15554070,14.834,1773497117
/Users/retriedstormtrooper/Downloads/03_图片素材/RAW_DNG照片/04_批量导出_转换与预览/converted_DNG/IMG_1381_converted.DNG,04_批量导出_转换与预览/converted_DNG/IMG_1381_converted.DNG,04_批量导出_转换与预览/converted_DNG,IMG_1381_converted.DNG,.dng,15552572,14.832,1773497117
/Users/retriedstormtrooper/Downloads/03_图片素材/RAW_DNG照片/04_批量导出_转换与预览/converted_DNG/IMG_1383_converted.DNG,04_批量导出_转换与预览/converted_DNG/IMG_1383_converted.DNG,04_批量导出_转换与预览/converted_DNG,IMG_1383_converted.DNG,.dng,13361828,12.743,1773497117
/Users/retriedstormtrooper/Downloads/03_图片素材/RAW_DNG照片/04_批量导出_转换与预览/converted_DNG/IMG_1384_converted.DNG,04_批量导出_转换与预览/converted_DNG/IMG_1384_converted.DNG,04_批量导出_转换与预览/converted_DNG,IMG_1384_converted.DNG,.dng,13290264,12.675,1773497117
/Users/retriedstormtrooper/Downloads/03_图片素材/RAW_DNG照片/04_批量导出_转换与预览/converted_DNG/IMG_1385_converted.DNG,04_批量导出_转换与预览/converted_DNG/IMG_1385_converted.DNG,04_批量导出_转换与预览/converted_DNG,IMG_1385_converted.DNG,.dng,13372072,12.753,1773497118
/Users/retriedstormtrooper/Downloads/03_图片素材/RAW_DNG照片/04_批量导出_转换与预览/converted_DNG/IMG_1390_converted.DNG,04_批量导出_转换与预览/converted_DNG/IMG_1390_converted.DNG,04_批量导出_转换与预览/converted_DNG,IMG_1390_converted.DNG,.dng,14371192,13.705,1773497118
/Users/retriedstormtrooper/Downloads/03_图片素材/RAW_DNG照片/04_批量导出_转换与预览/converted_DNG/IMG_1391_converted.DNG,04_批量导出_转换与预览/converted_DNG/IMG_1391_converted.DNG,04_批量导出_转换与预览/converted_DNG,IMG_1391_converted.DNG,.dng,14394828,13.728,1773497118
/Users/retriedstormtrooper/Downloads/03_图片素材/RAW_DNG照片/04_批量导出_转换与预览/converted_DNG/IMG_1392_converted.DNG,04_批量导出_转换与预览/converted_DNG/IMG_1392_converted.DNG,04_批量导出_转换与预览/converted_DNG,IMG_1392_converted.DNG,.dng,13442172,12.819,1773497118
/Users/retriedstormtrooper/Downloads/03_图片素材/RAW_DNG照片/04_批量导出_转换与预览/converted_DNG/IMG_1393_converted.DNG,04_批量导出_转换与预览/converted_DNG/IMG_1393_converted.DNG,04_批量导出_转换与预览/converted_DNG,IMG_1393_converted.DNG,.dng,16457918,15.695,1773497118
/Users/retriedstormtrooper/Downloads/03_图片素材/RAW_DNG照片/04_批量导出_转换与预览/converted_DNG/IMG_1394_converted.DNG,04_批量导出_转换与预览/converted_DNG/IMG_1394_converted.DNG,04_批量导出_转换与预览/converted_DNG,IMG_1394_converted.DNG,.dng,16639656,15.869,1773497119
/Users/retriedstormtrooper/Downloads/03_图片素材/RAW_DNG照片/04_批量导出_转换与预览/converted_DNG/IMG_1395_converted.DNG,04_批量导出_转换与预览/converted_DNG/IMG_1395_converted.DNG,04_批量导出_转换与预览/converted_DNG,IMG_1395_converted.DNG,.dng,17231642,16.433,1773497119
/Users/retriedstormtrooper/Downloads/03_图片素材/RAW_DNG照片/04_批量导出_转换与预览/converted_DNG/IMG_1396_converted.DNG,04_批量导出_转换与预览/converted_DNG/IMG_1396_converted.DNG,04_批量导出_转换与预览/converted_DNG,IMG_1396_converted.DNG,.dng,15253040,14.546,1773497120
/Users/retriedstormtrooper/Downloads/03_图片素材/RAW_DNG照片/04_批量导出_转换与预览/converted_DNG/IMG_1398_converted.DNG,04_批量导出_转换与预览/converted_DNG/IMG_1398_converted.DNG,04_批量导出_转换与预览/converted_DNG,IMG_1398_converted.DNG,.dng,16644600,15.874,1773497120
/Users/retriedstormtrooper/Downloads/03_图片素材/RAW_DNG照片/04_批量导出_转换与预览/converted_DNG/IMG_1399_converted.DNG,04_批量导出_转换与预览/converted_DNG/IMG_1399_converted.DNG,04_批量导出_转换与预览/converted_DNG,IMG_1399_converted.DNG,.dng,13607186,12.977,1773497120
/Users/retriedstormtrooper/Downloads/03_图片素材/RAW_DNG照片/04_批量导出_转换与预览/converted_DNG/IMG_1400_converted.DNG,04_批量导出_转换与预览/converted_DNG/IMG_1400_converted.DNG,04_批量导出_转换与预览/converted_DNG,IMG_1400_converted.DNG,.dng,17304710,16.503,1773497120
/Users/retriedstormtrooper/Downloads/03_图片素材/RAW_DNG照片/04_批量导出_转换与预览/converted_DNG/IMG_1401_converted.DNG,04_批量导出_转换与预览/converted_DNG/IMG_1401_converted.DNG,04_批量导出_转换与预览/converted_DNG,IMG_1401_converted.DNG,.dng,17064176,16.274,1773497121
/Users/retriedstormtrooper/Downloads/03_图片素材/RAW_DNG照片/04_批量导出_转换与预览/converted_DNG/IMG_1402_converted.DNG,04_批量导出_转换与预览/converted_DNG/IMG_1402_converted.DNG,04_批量导出_转换与预览/converted_DNG,IMG_1402_converted.DNG,.dng,16004094,15.263,1773497120
/Users/retriedstormtrooper/Downloads/03_图片素材/RAW_DNG照片/04_批量导出_转换与预览/converted_DNG/IMG_1403_converted.DNG,04_批量导出_转换与预览/converted_DNG/IMG_1403_converted.DNG,04_批量导出_转换与预览/converted_DNG,IMG_1403_converted.DNG,.dng,15265674,14.558,1773497121
/Users/retriedstormtrooper/Downloads/03_图片素材/RAW_DNG照片/04_批量导出_转换与预览/converted_DNG/IMG_1404_converted.DNG,04_批量导出_转换与预览/converted_DNG/IMG_1404_converted.DNG,04_批量导出_转换与预览/converted_DNG,IMG_1404_converted.DNG,.dng,13739506,13.103,1773497121
/Users/retriedstormtrooper/Downloads/03_图片素材/RAW_DNG照片/04_批量导出_转换与预览/converted_DNG/IMG_1405_converted.DNG,04_批量导出_转换与预览/converted_DNG/IMG_1405_converted.DNG,04_批量导出_转换与预览/converted_DNG,IMG_1405_converted.DNG,.dng,15278880,14.571,1773497121
/Users/retriedstormtrooper/Downloads/03_图片素材/RAW_DNG照片/04_批量导出_转换与预览/converted_DNG/IMG_1406_converted.DNG,04_批量导出_转换与预览/converted_DNG/IMG_1406_converted.DNG,04_批量导出_转换与预览/converted_DNG,IMG_1406_converted.DNG,.dng,18540764,17.682,1773497122
/Users/retriedstormtrooper/Downloads/03_图片素材/RAW_DNG照片/04_批量导出_转换与预览/converted_DNG/IMG_1407_converted.DNG,04_批量导出_转换与预览/converted_DNG/IMG_1407_converted.DNG,04_批量导出_转换与预览/converted_DNG,IMG_1407_converted.DNG,.dng,15318292,14.609,1773497122
/Users/retriedstormtrooper/Downloads/03_图片素材/RAW_DNG照片/04_批量导出_转换与预览/converted_DNG/IMG_1408_converted.DNG,04_批量导出_转换与预览/converted_DNG/IMG_1408_converted.DNG,04_批量导出_转换与预览/converted_DNG,IMG_1408_converted.DNG,.dng,15487464,14.77,1773497122
/Users/retriedstormtrooper/Downloads/03_图片素材/RAW_DNG照片/04_批量导出_转换与预览/converted_DNG/IMG_1409_converted.DNG,04_批量导出_转换与预览/converted_DNG/IMG_1409_converted.DNG,04_批量导出_转换与预览/converted_DNG,IMG_1409_converted.DNG,.dng,14148538,13.493,1773497123
/Users/retriedstormtrooper/Downloads/03_图片素材/RAW_DNG照片/04_批量导出_转换与预览/converted_DNG/IMG_1410_converted.DNG,04_批量导出_转换与预览/converted_DNG/IMG_1410_converted.DNG,04_批量导出_转换与预览/converted_DNG,IMG_1410_converted.DNG,.dng,15108698,14.409,1773497123
/Users/retriedstormtrooper/Downloads/03_图片素材/RAW_DNG照片/04_批量导出_转换与预览/converted_DNG/IMG_1411_converted.DNG,04_批量导出_转换与预览/converted_DNG/IMG_1411_converted.DNG,04_批量导出_转换与预览/converted_DNG,IMG_1411_converted.DNG,.dng,11421218,10.892,1773497123
/Users/retriedstormtrooper/Downloads/03_图片素材/RAW_DNG照片/04_批量导出_转换与预览/converted_DNG/IMG_1412_converted.DNG,04_批量导出_转换与预览/converted_DNG/IMG_1412_converted.DNG,04_批量导出_转换与预览/converted_DNG,IMG_1412_converted.DNG,.dng,15366344,14.654,1773497123
/Users/retriedstormtrooper/Downloads/03_图片素材/RAW_DNG照片/04_批量导出_转换与预览/converted_DNG/IMG_1414_converted.DNG,04_批量导出_转换与预览/converted_DNG/IMG_1414_converted.DNG,04_批量导出_转换与预览/converted_DNG,IMG_1414_converted.DNG,.dng,15771048,15.04,1773497123
/Users/retriedstormtrooper/Downloads/03_图片素材/RAW_DNG照片/04_批量导出_转换与预览/converted_DNG/IMG_1415_converted.DNG,04_批量导出_转换与预览/converted_DNG/IMG_1415_converted.DNG,04_批量导出_转换与预览/converted_DNG,IMG_1415_converted.DNG,.dng,15291770,14.583,1773497124
/Users/retriedstormtrooper/Downloads/03_图片素材/RAW_DNG照片/04_批量导出_转换与预览/converted_DNG/IMG_1416_converted.DNG,04_批量导出_转换与预览/converted_DNG/IMG_1416_converted.DNG,04_批量导出_转换与预览/converted_DNG,IMG_1416_converted.DNG,.dng,16436364,15.675,1773497124
/Users/retriedstormtrooper/Downloads/03_图片素材/RAW_DNG照片/04_批量导出_转换与预览/converted_DNG/IMG_1417_converted.DNG,04_批量导出_转换与预览/converted_DNG/IMG_1417_converted.DNG,04_批量导出_转换与预览/converted_DNG,IMG_1417_converted.DNG,.dng,13818192,13.178,1773497125
/Users/retriedstormtrooper/Downloads/03_图片素材/RAW_DNG照片/04_批量导出_转换与预览/converted_DNG/IMG_1418_converted.DNG,04_批量导出_转换与预览/converted_DNG/IMG_1418_converted.DNG,04_批量导出_转换与预览/converted_DNG,IMG_1418_converted.DNG,.dng,16858528,16.078,1773497125
/Users/retriedstormtrooper/Downloads/03_图片素材/RAW_DNG照片/04_批量导出_转换与预览/converted_DNG/IMG_1419_converted.DNG,04_批量导出_转换与预览/converted_DNG/IMG_1419_converted.DNG,04_批量导出_转换与预览/converted_DNG,IMG_1419_converted.DNG,.dng,52211332,49.793,1773497128
/Users/retriedstormtrooper/Downloads/03_图片素材/RAW_DNG照片/04_批量导出_转换与预览/converted_DNG/IMG_1420_converted.DNG,04_批量导出_转换与预览/converted_DNG/IMG_1420_converted.DNG,04_批量导出_转换与预览/converted_DNG,IMG_1420_converted.DNG,.dng,15161620,14.459,1773497125
/Users/retriedstormtrooper/Downloads/03_图片素材/RAW_DNG照片/04_批量导出_转换与预览/converted_DNG/IMG_1421_converted.DNG,04_批量导出_转换与预览/converted_DNG/IMG_1421_converted.DNG,04_批量导出_转换与预览/converted_DNG,IMG_1421_converted.DNG,.dng,16405588,15.646,1773497126
/Users/retriedstormtrooper/Downloads/03_图片素材/RAW_DNG照片/04_批量导出_转换与预览/converted_DNG/IMG_1422_converted.DNG,04_批量导出_转换与预览/converted_DNG/IMG_1422_converted.DNG,04_批量导出_转换与预览/converted_DNG,IMG_1422_converted.DNG,.dng,14326260,13.663,1773497125
/Users/retriedstormtrooper/Downloads/03_图片素材/RAW_DNG照片/04_批量导出_转换与预览/converted_DNG/IMG_1423_converted.DNG,04_批量导出_转换与预览/converted_DNG/IMG_1423_converted.DNG,04_批量导出_转换与预览/converted_DNG,IMG_1423_converted.DNG,.dng,15595512,14.873,1773497126
/Users/retriedstormtrooper/Downloads/03_图片素材/RAW_DNG照片/04_批量导出_转换与预览/converted_DNG/IMG_1428_converted.DNG,04_批量导出_转换与预览/converted_DNG/IMG_1428_converted.DNG,04_批量导出_转换与预览/converted_DNG,IMG_1428_converted.DNG,.dng,16438862,15.677,1773497126
/Users/retriedstormtrooper/Downloads/03_图片素材/RAW_DNG照片/04_批量导出_转换与预览/converted_DNG/IMG_1429_converted.DNG,04_批量导出_转换与预览/converted_DNG/IMG_1429_converted.DNG,04_批量导出_转换与预览/converted_DNG,IMG_1429_converted.DNG,.dng,17188372,16.392,1773497126
/Users/retriedstormtrooper/Downloads/03_图片素材/RAW_DNG照片/04_批量导出_转换与预览/converted_DNG/IMG_1430_converted.DNG,04_批量导出_转换与预览/converted_DNG/IMG_1430_converted.DNG,04_批量导出_转换与预览/converted_DNG,IMG_1430_converted.DNG,.dng,17889408,17.061,1773497127
/Users/retriedstormtrooper/Downloads/03_图片素材/RAW_DNG照片/04_批量导出_转换与预览/converted_DNG/IMG_1431_converted.DNG,04_批量导出_转换与预览/converted_DNG/IMG_1431_converted.DNG,04_批量导出_转换与预览/converted_DNG,IMG_1431_converted.DNG,.dng,17160774,16.366,1773497127
/Users/retriedstormtrooper/Downloads/03_图片素材/RAW_DNG照片/04_批量导出_转换与预览/converted_DNG/IMG_1432_converted.DNG,04_批量导出_转换与预览/converted_DNG/IMG_1432_converted.DNG,04_批量导出_转换与预览/converted_DNG,IMG_1432_converted.DNG,.dng,20440912,19.494,1773497127
/Users/retriedstormtrooper/Downloads/03_图片素材/RAW_DNG照片/04_批量导出_转换与预览/converted_DNG/IMG_1433_converted.DNG,04_批量导出_转换与预览/converted_DNG/IMG_1433_converted.DNG,04_批量导出_转换与预览/converted_DNG,IMG_1433_converted.DNG,.dng,16919098,16.135,1773497128
/Users/retriedstormtrooper/Downloads/03_图片素材/RAW_DNG照片/04_批量导出_转换与预览/converted_DNG/IMG_1434_converted.DNG,04_批量导出_转换与预览/converted_DNG/IMG_1434_converted.DNG,04_批量导出_转换与预览/converted_DNG,IMG_1434_converted.DNG,.dng,22955894,21.892,1773497128
/Users/retriedstormtrooper/Downloads/03_图片素材/RAW_DNG照片/04_批量导出_转换与预览/converted_DNG/IMG_1435_converted.DNG,04_批量导出_转换与预览/converted_DNG/IMG_1435_converted.DNG,04_批量导出_转换与预览/converted_DNG,IMG_1435_converted.DNG,.dng,15949580,15.211,1773497128
/Users/retriedstormtrooper/Downloads/03_图片素材/RAW_DNG照片/04_批量导出_转换与预览/converted_DNG/IMG_1436_converted.DNG,04_批量导出_转换与预览/converted_DNG/IMG_1436_converted.DNG,04_批量导出_转换与预览/converted_DNG,IMG_1436_converted.DNG,.dng,16168926,15.42,1773497128
/Users/retriedstormtrooper/Downloads/03_图片素材/RAW_DNG照片/04_批量导出_转换与预览/converted_DNG/IMG_1437_converted.DNG,04_批量导出_转换与预览/converted_DNG/IMG_1437_converted.DNG,04_批量导出_转换与预览/converted_DNG,IMG_1437_converted.DNG,.dng,16557664,15.791,1773497129
/Users/retriedstormtrooper/Downloads/03_图片素材/RAW_DNG照片/04_批量导出_转换与预览/converted_DNG/IMG_1438_converted.DNG,04_批量导出_转换与预览/converted_DNG/IMG_1438_converted.DNG,04_批量导出_转换与预览/converted_DNG,IMG_1438_converted.DNG,.dng,16140392,15.393,1773497129
/Users/retriedstormtrooper/Downloads/03_图片素材/RAW_DNG照片/04_批量导出_转换与预览/converted_DNG/IMG_1439_converted.DNG,04_批量导出_转换与预览/converted_DNG/IMG_1439_converted.DNG,04_批量导出_转换与预览/converted_DNG,IMG_1439_converted.DNG,.dng,16575568,15.808,1773497129
/Users/retriedstormtrooper/Downloads/03_图片素材/RAW_DNG照片/04_批量导出_转换与预览/converted_DNG/IMG_1440_converted.DNG,04_批量导出_转换与预览/converted_DNG/IMG_1440_converted.DNG,04_批量导出_转换与预览/converted_DNG,IMG_1440_converted.DNG,.dng,14132028,13.477,1773497130
/Users/retriedstormtrooper/Downloads/03_图片素材/RAW_DNG照片/04_批量导出_转换与预览/converted_DNG/IMG_1441_converted.DNG,04_批量导出_转换与预览/converted_DNG/IMG_1441_converted.DNG,04_批量导出_转换与预览/converted_DNG,IMG_1441_converted.DNG,.dng,17481156,16.671,1773497130
/Users/retriedstormtrooper/Downloads/03_图片素材/RAW_DNG照片/04_批量导出_转换与预览/converted_DNG/IMG_1442_converted.DNG,04_批量导出_转换与预览/converted_DNG/IMG_1442_converted.DNG,04_批量导出_转换与预览/converted_DNG,IMG_1442_converted.DNG,.dng,18190284,17.348,1773497130
/Users/retriedstormtrooper/Downloads/03_图片素材/RAW_DNG照片/04_批量导出_转换与预览/converted_DNG/IMG_1443_converted.DNG,04_批量导出_转换与预览/converted_DNG/IMG_1443_converted.DNG,04_批量导出_转换与预览/converted_DNG,IMG_1443_converted.DNG,.dng,17262366,16.463,1773497130
/Users/retriedstormtrooper/Downloads/03_图片素材/RAW_DNG照片/04_批量导出_转换与预览/converted_DNG/IMG_1444_converted.DNG,04_批量导出_转换与预览/converted_DNG/IMG_1444_converted.DNG,04_批量导出_转换与预览/converted_DNG,IMG_1444_converted.DNG,.dng,17788322,16.964,1773497130
/Users/retriedstormtrooper/Downloads/03_图片素材/RAW_DNG照片/04_批量导出_转换与预览/converted_DNG/IMG_1445_converted.DNG,04_批量导出_转换与预览/converted_DNG/IMG_1445_converted.DNG,04_批量导出_转换与预览/converted_DNG,IMG_1445_converted.DNG,.dng,17982154,17.149,1773497131
/Users/retriedstormtrooper/Downloads/03_图片素材/RAW_DNG照片/04_批量导出_转换与预览/converted_DNG/IMG_1446_converted.DNG,04_批量导出_转换与预览/converted_DNG/IMG_1446_converted.DNG,04_批量导出_转换与预览/converted_DNG,IMG_1446_converted.DNG,.dng,20293072,19.353,1773497131
/Users/retriedstormtrooper/Downloads/03_图片素材/RAW_DNG照片/04_批量导出_转换与预览/converted_DNG/IMG_1447_converted.DNG,04_批量导出_转换与预览/converted_DNG/IMG_1447_converted.DNG,04_批量导出_转换与预览/converted_DNG,IMG_1447_converted.DNG,.dng,16551024,15.784,1773497131
/Users/retriedstormtrooper/Downloads/03_图片素材/RAW_DNG照片/04_批量导出_转换与预览/converted_DNG/IMG_1448_converted.DNG,04_批量导出_转换与预览/converted_DNG/IMG_1448_converted.DNG,04_批量导出_转换与预览/converted_DNG,IMG_1448_converted.DNG,.dng,15042126,14.345,1773497131
/Users/retriedstormtrooper/Downloads/03_图片素材/RAW_DNG照片/04_批量导出_转换与预览/converted_DNG/IMG_1449_converted.DNG,04_批量导出_转换与预览/converted_DNG/IMG_1449_converted.DNG,04_批量导出_转换与预览/converted_DNG,IMG_1449_converted.DNG,.dng,19510746,18.607,1773497132
/Users/retriedstormtrooper/Downloads/03_图片素材/RAW_DNG照片/04_批量导出_转换与预览/converted_DNG/IMG_1450_converted.DNG,04_批量导出_转换与预览/converted_DNG/IMG_1450_converted.DNG,04_批量导出_转换与预览/converted_DNG,IMG_1450_converted.DNG,.dng,19629728,18.72,1773497132
/Users/retriedstormtrooper/Downloads/03_图片素材/RAW_DNG照片/04_批量导出_转换与预览/converted_DNG/IMG_1451_converted.DNG,04_批量导出_转换与预览/converted_DNG/IMG_1451_converted.DNG,04_批量导出_转换与预览/converted_DNG,IMG_1451_converted.DNG,.dng,18110132,17.271,1773497132
/Users/retriedstormtrooper/Downloads/03_图片素材/RAW_DNG照片/04_批量导出_转换与预览/converted_DNG/IMG_1452_converted.DNG,04_批量导出_转换与预览/converted_DNG/IMG_1452_converted.DNG,04_批量导出_转换与预览/converted_DNG,IMG_1452_converted.DNG,.dng,24861004,23.709,1773497133
/Users/retriedstormtrooper/Downloads/03_图片素材/RAW_DNG照片/04_批量导出_转换与预览/converted_DNG/IMG_1454_converted.DNG,04_批量导出_转换与预览/converted_DNG/IMG_1454_converted.DNG,04_批量导出_转换与预览/converted_DNG,IMG_1454_converted.DNG,.dng,16811846,16.033,1773497133
/Users/retriedstormtrooper/Downloads/03_图片素材/RAW_DNG照片/04_批量导出_转换与预览/converted_DNG/IMG_1455_converted.DNG,04_批量导出_转换与预览/converted_DNG/IMG_1455_converted.DNG,04_批量导出_转换与预览/converted_DNG,IMG_1455_converted.DNG,.dng,17735048,16.913,1773497133
/Users/retriedstormtrooper/Downloads/03_图片素材/RAW_DNG照片/04_批量导出_转换与预览/converted_DNG/IMG_1456_converted.DNG,04_批量导出_转换与预览/converted_DNG/IMG_1456_converted.DNG,04_批量导出_转换与预览/converted_DNG,IMG_1456_converted.DNG,.dng,22490084,21.448,1773497133
/Users/retriedstormtrooper/Downloads/03_图片素材/RAW_DNG照片/04_批量导出_转换与预览/converted_DNG/IMG_1457_converted.DNG,04_批量导出_转换与预览/converted_DNG/IMG_1457_converted.DNG,04_批量导出_转换与预览/converted_DNG,IMG_1457_converted.DNG,.dng,12928472,12.33,1773497134
/Users/retriedstormtrooper/Downloads/03_图片素材/RAW_DNG照片/04_批量导出_转换与预览/converted_DNG/IMG_1458_converted.DNG,04_批量导出_转换与预览/converted_DNG/IMG_1458_converted.DNG,04_批量导出_转换与预览/converted_DNG,IMG_1458_converted.DNG,.dng,11702940,11.161,1773497134
/Users/retriedstormtrooper/Downloads/03_图片素材/RAW_DNG照片/04_批量导出_转换与预览/converted_DNG/IMG_1459_converted.DNG,04_批量导出_转换与预览/converted_DNG/IMG_1459_converted.DNG,04_批量导出_转换与预览/converted_DNG,IMG_1459_converted.DNG,.dng,13499488,12.874,1773497134
/Users/retriedstormtrooper/Downloads/03_图片素材/RAW_DNG照片/04_批量导出_转换与预览/converted_DNG/IMG_1460_converted.DNG,04_批量导出_转换与预览/converted_DNG/IMG_1460_converted.DNG,04_批量导出_转换与预览/converted_DNG,IMG_1460_converted.DNG,.dng,11572494,11.036,1773497134
/Users/retriedstormtrooper/Downloads/03_图片素材/RAW_DNG照片/04_批量导出_转换与预览/converted_DNG/IMG_1461_converted.DNG,04_批量导出_转换与预览/converted_DNG/IMG_1461_converted.DNG,04_批量导出_转换与预览/converted_DNG,IMG_1461_converted.DNG,.dng,15261732,14.555,1773497135
/Users/retriedstormtrooper/Downloads/03_图片素材/RAW_DNG照片/04_批量导出_转换与预览/converted_DNG/IMG_1462_converted.DNG,04_批量导出_转换与预览/converted_DNG/IMG_1462_converted.DNG,04_批量导出_转换与预览/converted_DNG,IMG_1462_converted.DNG,.dng,18048660,17.213,1773497135
/Users/retriedstormtrooper/Downloads/03_图片素材/RAW_DNG照片/04_批量导出_转换与预览/converted_DNG/IMG_1466_converted.DNG,04_批量导出_转换与预览/converted_DNG/IMG_1466_converted.DNG,04_批量导出_转换与预览/converted_DNG,IMG_1466_converted.DNG,.dng,19084278,18.2,1773497135
/Users/retriedstormtrooper/Downloads/03_图片素材/RAW_DNG照片/04_批量导出_转换与预览/converted_DNG/IMG_1467_converted.DNG,04_批量导出_转换与预览/converted_DNG/IMG_1467_converted.DNG,04_批量导出_转换与预览/converted_DNG,IMG_1467_converted.DNG,.dng,16345768,15.589,1773497135
/Users/retriedstormtrooper/Downloads/03_图片素材/RAW_DNG照片/04_批量导出_转换与预览/converted_DNG/IMG_1468_converted.DNG,04_批量导出_转换与预览/converted_DNG/IMG_1468_converted.DNG,04_批量导出_转换与预览/converted_DNG,IMG_1468_converted.DNG,.dng,19020514,18.139,1773497136
/Users/retriedstormtrooper/Downloads/03_图片素材/RAW_DNG照片/04_批量导出_转换与预览/converted_DNG/IMG_1469_converted.DNG,04_批量导出_转换与预览/converted_DNG/IMG_1469_converted.DNG,04_批量导出_转换与预览/converted_DNG,IMG_1469_converted.DNG,.dng,16236320,15.484,1773497136
/Users/retriedstormtrooper/Downloads/03_图片素材/RAW_DNG照片/04_批量导出_转换与预览/converted_DNG/IMG_1470_converted.DNG,04_批量导出_转换与预览/converted_DNG/IMG_1470_converted.DNG,04_批量导出_转换与预览/converted_DNG,IMG_1470_converted.DNG,.dng,14484886,13.814,1773497136
/Users/retriedstormtrooper/Downloads/03_图片素材/RAW_DNG照片/04_批量导出_转换与预览/converted_DNG/IMG_1471_converted.DNG,04_批量导出_转换与预览/converted_DNG/IMG_1471_converted.DNG,04_批量导出_转换与预览/converted_DNG,IMG_1471_converted.DNG,.dng,10808730,10.308,1773497136
/Users/retriedstormtrooper/Downloads/03_图片素材/RAW_DNG照片/04_批量导出_转换与预览/converted_DNG/IMG_1472_converted.DNG,04_批量导出_转换与预览/converted_DNG/IMG_1472_converted.DNG,04_批量导出_转换与预览/converted_DNG,IMG_1472_converted.DNG,.dng,19601808,18.694,1773497162
/Users/retriedstormtrooper/Downloads/03_图片素材/RAW_DNG照片/04_批量导出_转换与预览/converted_DNG/IMG_1473_converted.DNG,04_批量导出_转换与预览/converted_DNG/IMG_1473_converted.DNG,04_批量导出_转换与预览/converted_DNG,IMG_1473_converted.DNG,.dng,15611822,14.889,1773497163
/Users/retriedstormtrooper/Downloads/03_图片素材/RAW_DNG照片/04_批量导出_转换与预览/converted_DNG/IMG_1474_converted.DNG,04_批量导出_转换与预览/converted_DNG/IMG_1474_converted.DNG,04_批量导出_转换与预览/converted_DNG,IMG_1474_converted.DNG,.dng,17582446,16.768,1773497163
/Users/retriedstormtrooper/Downloads/03_图片素材/RAW_DNG照片/04_批量导出_转换与预览/converted_DNG/IMG_1475_converted.DNG,04_批量导出_转换与预览/converted_DNG/IMG_1475_converted.DNG,04_批量导出_转换与预览/converted_DNG,IMG_1475_converted.DNG,.dng,17879046,17.051,1773497163
/Users/retriedstormtrooper/Downloads/03_图片素材/RAW_DNG照片/04_批量导出_转换与预览/converted_DNG/IMG_1476_converted.DNG,04_批量导出_转换与预览/converted_DNG/IMG_1476_converted.DNG,04_批量导出_转换与预览/converted_DNG,IMG_1476_converted.DNG,.dng,27016506,25.765,1773497164
/Users/retriedstormtrooper/Downloads/03_图片素材/RAW_DNG照片/04_批量导出_转换与预览/converted_DNG/IMG_1477_converted.DNG,04_批量导出_转换与预览/converted_DNG/IMG_1477_converted.DNG,04_批量导出_转换与预览/converted_DNG,IMG_1477_converted.DNG,.dng,15412498,14.699,1773497163
/Users/retriedstormtrooper/Downloads/03_图片素材/RAW_DNG照片/04_批量导出_转换与预览/converted_DNG/IMG_1478_converted.DNG,04_批量导出_转换与预览/converted_DNG/IMG_1478_converted.DNG,04_批量导出_转换与预览/converted_DNG,IMG_1478_converted.DNG,.dng,16101600,15.356,1773497164
/Users/retriedstormtrooper/Downloads/03_图片素材/RAW_DNG照片/04_批量导出_转换与预览/converted_DNG/IMG_1479_converted.DNG,04_批量导出_转换与预览/converted_DNG/IMG_1479_converted.DNG,04_批量导出_转换与预览/converted_DNG,IMG_1479_converted.DNG,.dng,13142006,12.533,1773497164
/Users/retriedstormtrooper/Downloads/03_图片素材/RAW_DNG照片/04_批量导出_转换与预览/converted_DNG/IMG_1480_converted.DNG,04_批量导出_转换与预览/converted_DNG/IMG_1480_converted.DNG,04_批量导出_转换与预览/converted_DNG,IMG_1480_converted.DNG,.dng,14093966,13.441,1773497165
/Users/retriedstormtrooper/Downloads/03_图片素材/RAW_DNG照片/04_批量导出_转换与预览/converted_DNG/IMG_1481_converted.DNG,04_批量导出_转换与预览/converted_DNG/IMG_1481_converted.DNG,04_批量导出_转换与预览/converted_DNG,IMG_1481_converted.DNG,.dng,14039504,13.389,1773497165
/Users/retriedstormtrooper/Downloads/03_图片素材/RAW_DNG照片/04_批量导出_转换与预览/converted_DNG/IMG_1482_converted.DNG,04_批量导出_转换与预览/converted_DNG/IMG_1482_converted.DNG,04_批量导出_转换与预览/converted_DNG,IMG_1482_converted.DNG,.dng,16672176,15.9,1773497166
/Users/retriedstormtrooper/Downloads/03_图片素材/RAW_DNG照片/04_批量导出_转换与预览/converted_DNG/IMG_1483_converted.DNG,04_批量导出_转换与预览/converted_DNG/IMG_1483_converted.DNG,04_批量导出_转换与预览/converted_DNG,IMG_1483_converted.DNG,.dng,19437036,18.537,1773497166
/Users/retriedstormtrooper/Downloads/03_图片素材/RAW_DNG照片/04_批量导出_转换与预览/converted_DNG/IMG_1484_converted.DNG,04_批量导出_转换与预览/converted_DNG/IMG_1484_converted.DNG,04_批量导出_转换与预览/converted_DNG,IMG_1484_converted.DNG,.dng,16311978,15.556,1773497166
/Users/retriedstormtrooper/Downloads/03_图片素材/RAW_DNG照片/04_批量导出_转换与预览/converted_DNG/IMG_1485_converted.DNG,04_批量导出_转换与预览/converted_DNG/IMG_1485_converted.DNG,04_批量导出_转换与预览/converted_DNG,IMG_1485_converted.DNG,.dng,19076436,18.193,1773497167
/Users/retriedstormtrooper/Downloads/03_图片素材/RAW_DNG照片/04_批量导出_转换与预览/converted_DNG/IMG_1487_converted.DNG,04_批量导出_转换与预览/converted_DNG/IMG_1487_converted.DNG,04_批量导出_转换与预览/converted_DNG,IMG_1487_converted.DNG,.dng,16217468,15.466,1773497167
/Users/retriedstormtrooper/Downloads/03_图片素材/RAW_DNG照片/04_批量导出_转换与预览/converted_DNG/IMG_1488_converted.DNG,04_批量导出_转换与预览/converted_DNG/IMG_1488_converted.DNG,04_批量导出_转换与预览/converted_DNG,IMG_1488_converted.DNG,.dng,17122508,16.329,1773497168
/Users/retriedstormtrooper/Downloads/03_图片素材/RAW_DNG照片/04_批量导出_转换与预览/converted_DNG/IMG_1489_converted.DNG,04_批量导出_转换与预览/converted_DNG/IMG_1489_converted.DNG,04_批量导出_转换与预览/converted_DNG,IMG_1489_converted.DNG,.dng,18106098,17.267,1773497168
/Users/retriedstormtrooper/Downloads/03_图片素材/RAW_DNG照片/04_批量导出_转换与预览/converted_DNG/IMG_1495_converted.DNG,04_批量导出_转换与预览/converted_DNG/IMG_1495_converted.DNG,04_批量导出_转换与预览/converted_DNG,IMG_1495_converted.DNG,.dng,20066036,19.136,1773497168
/Users/retriedstormtrooper/Downloads/03_图片素材/RAW_DNG照片/04_批量导出_转换与预览/converted_DNG/IMG_1496_converted.DNG,04_批量导出_转换与预览/converted_DNG/IMG_1496_converted.DNG,04_批量导出_转换与预览/converted_DNG,IMG_1496_converted.DNG,.dng,17989304,17.156,1773497168
/Users/retriedstormtrooper/Downloads/03_图片素材/RAW_DNG照片/04_批量导出_转换与预览/converted_DNG/IMG_1497_converted.DNG,04_批量导出_转换与预览/converted_DNG/IMG_1497_converted.DNG,04_批量导出_转换与预览/converted_DNG,IMG_1497_converted.DNG,.dng,16890686,16.108,1773497168
/Users/retriedstormtrooper/Downloads/03_图片素材/RAW_DNG照片/04_批量导出_转换与预览/converted_DNG/IMG_1498_converted.DNG,04_批量导出_转换与预览/converted_DNG/IMG_1498_converted.DNG,04_批量导出_转换与预览/converted_DNG,IMG_1498_converted.DNG,.dng,25419696,24.242,1773497169
/Users/retriedstormtrooper/Downloads/03_图片素材/RAW_DNG照片/04_批量导出_转换与预览/converted_DNG/IMG_1499_converted.DNG,04_批量导出_转换与预览/converted_DNG/IMG_1499_converted.DNG,04_批量导出_转换与预览/converted_DNG,IMG_1499_converted.DNG,.dng,19802452,18.885,1773497169
/Users/retriedstormtrooper/Downloads/03_图片素材/RAW_DNG照片/04_批量导出_转换与预览/converted_DNG/IMG_1500_converted.DNG,04_批量导出_转换与预览/converted_DNG/IMG_1500_converted.DNG,04_批量导出_转换与预览/converted_DNG,IMG_1500_converted.DNG,.dng,15793228,15.062,1773497169
/Users/retriedstormtrooper/Downloads/03_图片素材/RAW_DNG照片/04_批量导出_转换与预览/converted_DNG/IMG_1501_converted.DNG,04_批量导出_转换与预览/converted_DNG/IMG_1501_converted.DNG,04_批量导出_转换与预览/converted_DNG,IMG_1501_converted.DNG,.dng,16125940,15.379,1773497170
/Users/retriedstormtrooper/Downloads/03_图片素材/RAW_DNG照片/04_批量导出_转换与预览/converted_DNG/IMG_1502_converted.DNG,04_批量导出_转换与预览/converted_DNG/IMG_1502_converted.DNG,04_批量导出_转换与预览/converted_DNG,IMG_1502_converted.DNG,.dng,18688236,17.822,1773497170
/Users/retriedstormtrooper/Downloads/03_图片素材/RAW_DNG照片/04_批量导出_转换与预览/converted_DNG/IMG_1503_converted.DNG,04_批量导出_转换与预览/converted_DNG/IMG_1503_converted.DNG,04_批量导出_转换与预览/converted_DNG,IMG_1503_converted.DNG,.dng,16669158,15.897,1773497170
/Users/retriedstormtrooper/Downloads/03_图片素材/RAW_DNG照片/04_批量导出_转换与预览/converted_DNG/IMG_1504_converted.DNG,04_批量导出_转换与预览/converted_DNG/IMG_1504_converted.DNG,04_批量导出_转换与预览/converted_DNG,IMG_1504_converted.DNG,.dng,16453826,15.692,1773497171
/Users/retriedstormtrooper/Downloads/03_图片素材/RAW_DNG照片/04_批量导出_转换与预览/converted_DNG/IMG_1505_converted.DNG,04_批量导出_转换与预览/converted_DNG/IMG_1505_converted.DNG,04_批量导出_转换与预览/converted_DNG,IMG_1505_converted.DNG,.dng,19126510,18.24,1773497171
/Users/retriedstormtrooper/Downloads/03_图片素材/RAW_DNG照片/04_批量导出_转换与预览/converted_DNG/IMG_1506_converted.DNG,04_批量导出_转换与预览/converted_DNG/IMG_1506_converted.DNG,04_批量导出_转换与预览/converted_DNG,IMG_1506_converted.DNG,.dng,17537342,16.725,1773497171
/Users/retriedstormtrooper/Downloads/03_图片素材/RAW_DNG照片/04_批量导出_转换与预览/converted_DNG/IMG_1507_converted.DNG,04_批量导出_转换与预览/converted_DNG/IMG_1507_converted.DNG,04_批量导出_转换与预览/converted_DNG,IMG_1507_converted.DNG,.dng,19302324,18.408,1773497171
/Users/retriedstormtrooper/Downloads/03_图片素材/RAW_DNG照片/04_批量导出_转换与预览/converted_DNG/IMG_1508_converted.DNG,04_批量导出_转换与预览/converted_DNG/IMG_1508_converted.DNG,04_批量导出_转换与预览/converted_DNG,IMG_1508_converted.DNG,.dng,19812652,18.895,1773497171
/Users/retriedstormtrooper/Downloads/03_图片素材/RAW_DNG照片/04_批量导出_转换与预览/converted_DNG/IMG_1509_converted.DNG,04_批量导出_转换与预览/converted_DNG/IMG_1509_converted.DNG,04_批量导出_转换与预览/converted_DNG,IMG_1509_converted.DNG,.dng,18910652,18.035,1773497172
/Users/retriedstormtrooper/Downloads/03_图片素材/RAW_DNG照片/04_批量导出_转换与预览/converted_DNG/IMG_1518_converted.DNG,04_批量导出_转换与预览/converted_DNG/IMG_1518_converted.DNG,04_批量导出_转换与预览/converted_DNG,IMG_1518_converted.DNG,.dng,21059438,20.084,1773497173
/Users/retriedstormtrooper/Downloads/03_图片素材/RAW_DNG照片/04_批量导出_转换与预览/converted_DNG/IMG_1519_converted.DNG,04_批量导出_转换与预览/converted_DNG/IMG_1519_converted.DNG,04_批量导出_转换与预览/converted_DNG,IMG_1519_converted.DNG,.dng,14813286,14.127,1773497173
/Users/retriedstormtrooper/Downloads/03_图片素材/RAW_DNG照片/04_批量导出_转换与预览/converted_DNG/IMG_1520_converted.DNG,04_批量导出_转换与预览/converted_DNG/IMG_1520_converted.DNG,04_批量导出_转换与预览/converted_DNG,IMG_1520_converted.DNG,.dng,19325304,18.43,1773497173
/Users/retriedstormtrooper/Downloads/03_图片素材/RAW_DNG照片/04_批量导出_转换与预览/converted_DNG/IMG_1521_converted.DNG,04_批量导出_转换与预览/converted_DNG/IMG_1521_converted.DNG,04_批量导出_转换与预览/converted_DNG,IMG_1521_converted.DNG,.dng,12894440,12.297,1773497173
/Users/retriedstormtrooper/Downloads/03_图片素材/RAW_DNG照片/04_批量导出_转换与预览/converted_DNG/IMG_1522_converted.DNG,04_批量导出_转换与预览/converted_DNG/IMG_1522_converted.DNG,04_批量导出_转换与预览/converted_DNG,IMG_1522_converted.DNG,.dng,20879232,19.912,1773497174
/Users/retriedstormtrooper/Downloads/03_图片素材/RAW_DNG照片/04_批量导出_转换与预览/converted_DNG/IMG_1523_converted.DNG,04_批量导出_转换与预览/converted_DNG/IMG_1523_converted.DNG,04_批量导出_转换与预览/converted_DNG,IMG_1523_converted.DNG,.dng,24857392,23.706,1773497174
/Users/retriedstormtrooper/Downloads/03_图片素材/RAW_DNG照片/04_批量导出_转换与预览/converted_DNG/IMG_1524_converted.DNG,04_批量导出_转换与预览/converted_DNG/IMG_1524_converted.DNG,04_批量导出_转换与预览/converted_DNG,IMG_1524_converted.DNG,.dng,25104862,23.942,1773497174
/Users/retriedstormtrooper/Downloads/03_图片素材/RAW_DNG照片/04_批量导出_转换与预览/converted_DNG/IMG_1525_converted.DNG,04_批量导出_转换与预览/converted_DNG/IMG_1525_converted.DNG,04_批量导出_转换与预览/converted_DNG,IMG_1525_converted.DNG,.dng,20446812,19.5,1773497174
/Users/retriedstormtrooper/Downloads/03_图片素材/RAW_DNG照片/04_批量导出_转换与预览/converted_DNG/IMG_1774_converted.DNG,04_批量导出_转换与预览/converted_DNG/IMG_1774_converted.DNG,04_批量导出_转换与预览/converted_DNG,IMG_1774_converted.DNG,.dng,16575996,15.808,1773497175
/Users/retriedstormtrooper/Downloads/03_图片素材/RAW_DNG照片/04_批量导出_转换与预览/converted_DNG/IMG_9026_converted.DNG,04_批量导出_转换与预览/converted_DNG/IMG_9026_converted.DNG,04_批量导出_转换与预览/converted_DNG,IMG_9026_converted.DNG,.dng,22485850,21.444,1773497175
/Users/retriedstormtrooper/Downloads/03_图片素材/RAW_DNG照片/04_批量导出_转换与预览/converted_DNG/IMG_9027_converted.DNG,04_批量导出_转换与预览/converted_DNG/IMG_9027_converted.DNG,04_批量导出_转换与预览/converted_DNG,IMG_9027_converted.DNG,.dng,22444822,21.405,1773497175
/Users/retriedstormtrooper/Downloads/03_图片素材/RAW_DNG照片/04_批量导出_转换与预览/converted_DNG/IMG_9028_converted.DNG,04_批量导出_转换与预览/converted_DNG/IMG_9028_converted.DNG,04_批量导出_转换与预览/converted_DNG,IMG_9028_converted.DNG,.dng,21966960,20.949,1773497176
/Users/retriedstormtrooper/Downloads/03_图片素材/RAW_DNG照片/04_批量导出_转换与预览/converted_DNG/IMG_9029_converted.DNG,04_批量导出_转换与预览/converted_DNG/IMG_9029_converted.DNG,04_批量导出_转换与预览/converted_DNG,IMG_9029_converted.DNG,.dng,15668910,14.943,1773497175
/Users/retriedstormtrooper/Downloads/03_图片素材/RAW_DNG照片/04_批量导出_转换与预览/converted_DNG/IMG_9030_converted.DNG,04_批量导出_转换与预览/converted_DNG/IMG_9030_converted.DNG,04_批量导出_转换与预览/converted_DNG,IMG_9030_converted.DNG,.dng,16282330,15.528,1773497175
/Users/retriedstormtrooper/Downloads/03_图片素材/RAW_DNG照片/04_批量导出_转换与预览/converted_DNG/IMG_9031_converted.DNG,04_批量导出_转换与预览/converted_DNG/IMG_9031_converted.DNG,04_批量导出_转换与预览/converted_DNG,IMG_9031_converted.DNG,.dng,16128258,15.381,1773497175
/Users/retriedstormtrooper/Downloads/03_图片素材/RAW_DNG照片/04_批量导出_转换与预览/converted_DNG/IMG_9032_converted.DNG,04_批量导出_转换与预览/converted_DNG/IMG_9032_converted.DNG,04_批量导出_转换与预览/converted_DNG,IMG_9032_converted.DNG,.dng,15448886,14.733,1773497175
/Users/retriedstormtrooper/Downloads/03_图片素材/RAW_DNG照片/04_批量导出_转换与预览/converted_DNG/IMG_9033_converted.DNG,04_批量导出_转换与预览/converted_DNG/IMG_9033_converted.DNG,04_批量导出_转换与预览/converted_DNG,IMG_9033_converted.DNG,.dng,14480156,13.809,1773497175
/Users/retriedstormtrooper/Downloads/03_图片素材/RAW_DNG照片/04_批量导出_转换与预览/converted_DNG/IMG_9034_converted.DNG,04_批量导出_转换与预览/converted_DNG/IMG_9034_converted.DNG,04_批量导出_转换与预览/converted_DNG,IMG_9034_converted.DNG,.dng,16565738,15.798,1773497176
/Users/retriedstormtrooper/Downloads/03_图片素材/RAW_DNG照片/04_批量导出_转换与预览/converted_DNG/IMG_9035_converted.DNG,04_批量导出_转换与预览/converted_DNG/IMG_9035_converted.DNG,04_批量导出_转换与预览/converted_DNG,IMG_9035_converted.DNG,.dng,16831958,16.052,1773497176
/Users/retriedstormtrooper/Downloads/03_图片素材/RAW_DNG照片/04_批量导出_转换与预览/converted_DNG/IMG_9036_converted.DNG,04_批量导出_转换与预览/converted_DNG/IMG_9036_converted.DNG,04_批量导出_转换与预览/converted_DNG,IMG_9036_converted.DNG,.dng,16927484,16.143,1773497176
/Users/retriedstormtrooper/Downloads/03_图片素材/RAW_DNG照片/04_批量导出_转换与预览/converted_DNG/IMG_9037_converted.DNG,04_批量导出_转换与预览/converted_DNG/IMG_9037_converted.DNG,04_批量导出_转换与预览/converted_DNG,IMG_9037_converted.DNG,.dng,16521644,15.756,1773497177
/Users/retriedstormtrooper/Downloads/03_图片素材/RAW_DNG照片/04_批量导出_转换与预览/converted_DNG/IMG_9038_converted.DNG,04_批量导出_转换与预览/converted_DNG/IMG_9038_converted.DNG,04_批量导出_转换与预览/converted_DNG,IMG_9038_converted.DNG,.dng,16470126,15.707,1773497176
/Users/retriedstormtrooper/Downloads/03_图片素材/RAW_DNG照片/04_批量导出_转换与预览/converted_DNG/IMG_9039_converted.DNG,04_批量导出_转换与预览/converted_DNG/IMG_9039_converted.DNG,04_批量导出_转换与预览/converted_DNG,IMG_9039_converted.DNG,.dng,17109426,16.317,1773497177
/Users/retriedstormtrooper/Downloads/03_图片素材/RAW_DNG照片/04_批量导出_转换与预览/converted_DNG/IMG_9040_converted.DNG,04_批量导出_转换与预览/converted_DNG/IMG_9040_converted.DNG,04_批量导出_转换与预览/converted_DNG,IMG_9040_converted.DNG,.dng,27015036,25.764,1773497177
/Users/retriedstormtrooper/Downloads/03_图片素材/RAW_DNG照片/04_批量导出_转换与预览/converted_DNG/IMG_9041_converted.DNG,04_批量导出_转换与预览/converted_DNG/IMG_9041_converted.DNG,04_批量导出_转换与预览/converted_DNG,IMG_9041_converted.DNG,.dng,27231144,25.97,1773497177
/Users/retriedstormtrooper/Downloads/03_图片素材/RAW_DNG照片/04_批量导出_转换与预览/converted_DNG/IMG_9042_converted.DNG,04_批量导出_转换与预览/converted_DNG/IMG_9042_converted.DNG,04_批量导出_转换与预览/converted_DNG,IMG_9042_converted.DNG,.dng,24458462,23.325,1773497178
/Users/retriedstormtrooper/Downloads/03_图片素材/RAW_DNG照片/04_批量导出_转换与预览/converted_DNG/IMG_9043_converted.DNG,04_批量导出_转换与预览/converted_DNG/IMG_9043_converted.DNG,04_批量导出_转换与预览/converted_DNG,IMG_9043_converted.DNG,.dng,28571710,27.248,1773497178
/Users/retriedstormtrooper/Downloads/03_图片素材/RAW_DNG照片/04_批量导出_转换与预览/converted_DNG/IMG_9044_converted.DNG,04_批量导出_转换与预览/converted_DNG/IMG_9044_converted.DNG,04_批量导出_转换与预览/converted_DNG,IMG_9044_converted.DNG,.dng,19595666,18.688,1773497178
/Users/retriedstormtrooper/Downloads/03_图片素材/RAW_DNG照片/04_批量导出_转换与预览/converted_DNG/IMG_9045_converted.DNG,04_批量导出_转换与预览/converted_DNG/IMG_9045_converted.DNG,04_批量导出_转换与预览/converted_DNG,IMG_9045_converted.DNG,.dng,14719734,14.038,1773497179
/Users/retriedstormtrooper/Downloads/03_图片素材/RAW_DNG照片/04_批量导出_转换与预览/converted_DNG/IMG_9046_converted.DNG,04_批量导出_转换与预览/converted_DNG/IMG_9046_converted.DNG,04_批量导出_转换与预览/converted_DNG,IMG_9046_converted.DNG,.dng,16361974,15.604,1773497178
/Users/retriedstormtrooper/Downloads/03_图片素材/RAW_DNG照片/04_批量导出_转换与预览/converted_DNG/IMG_9047_converted.DNG,04_批量导出_转换与预览/converted_DNG/IMG_9047_converted.DNG,04_批量导出_转换与预览/converted_DNG,IMG_9047_converted.DNG,.dng,16305344,15.55,1773497178
/Users/retriedstormtrooper/Downloads/03_图片素材/RAW_DNG照片/04_批量导出_转换与预览/converted_DNG/IMG_9048_converted.DNG,04_批量导出_转换与预览/converted_DNG/IMG_9048_converted.DNG,04_批量导出_转换与预览/converted_DNG,IMG_9048_converted.DNG,.dng,28940280,27.6,1773497179
/Users/retriedstormtrooper/Downloads/03_图片素材/RAW_DNG照片/04_批量导出_转换与预览/converted_DNG/IMG_9049_converted.DNG,04_批量导出_转换与预览/converted_DNG/IMG_9049_converted.DNG,04_批量导出_转换与预览/converted_DNG,IMG_9049_converted.DNG,.dng,28907598,27.568,1773497180
/Users/retriedstormtrooper/Downloads/03_图片素材/RAW_DNG照片/04_批量导出_转换与预览/converted_DNG/IMG_9050_converted.DNG,04_批量导出_转换与预览/converted_DNG/IMG_9050_converted.DNG,04_批量导出_转换与预览/converted_DNG,IMG_9050_converted.DNG,.dng,28718292,27.388,1773497180
/Users/retriedstormtrooper/Downloads/03_图片素材/RAW_DNG照片/04_批量导出_转换与预览/converted_DNG/IMG_9051_converted.DNG,04_批量导出_转换与预览/converted_DNG/IMG_9051_converted.DNG,04_批量导出_转换与预览/converted_DNG,IMG_9051_converted.DNG,.dng,14549140,13.875,1773497179
/Users/retriedstormtrooper/Downloads/03_图片素材/RAW_DNG照片/04_批量导出_转换与预览/converted_DNG/IMG_9052_converted.DNG,04_批量导出_转换与预览/converted_DNG/IMG_9052_converted.DNG,04_批量导出_转换与预览/converted_DNG,IMG_9052_converted.DNG,.dng,16381326,15.622,1773497180
/Users/retriedstormtrooper/Downloads/03_图片素材/RAW_DNG照片/04_批量导出_转换与预览/converted_DNG/IMG_9053_converted.DNG,04_批量导出_转换与预览/converted_DNG/IMG_9053_converted.DNG,04_批量导出_转换与预览/converted_DNG,IMG_9053_converted.DNG,.dng,16536348,15.77,1773497180
/Users/retriedstormtrooper/Downloads/03_图片素材/RAW_DNG照片/04_批量导出_转换与预览/converted_DNG/IMG_9054_converted.DNG,04_批量导出_转换与预览/converted_DNG/IMG_9054_converted.DNG,04_批量导出_转换与预览/converted_DNG,IMG_9054_converted.DNG,.dng,29471296,28.106,1773497181
/Users/retriedstormtrooper/Downloads/03_图片素材/RAW_DNG照片/04_批量导出_转换与预览/converted_DNG/IMG_9055_converted.DNG,04_批量导出_转换与预览/converted_DNG/IMG_9055_converted.DNG,04_批量导出_转换与预览/converted_DNG,IMG_9055_converted.DNG,.dng,29458944,28.094,1773497182
/Users/retriedstormtrooper/Downloads/03_图片素材/RAW_DNG照片/04_批量导出_转换与预览/converted_DNG/IMG_9056_converted.DNG,04_批量导出_转换与预览/converted_DNG/IMG_9056_converted.DNG,04_批量导出_转换与预览/converted_DNG,IMG_9056_converted.DNG,.dng,26080026,24.872,1773497181
/Users/retriedstormtrooper/Downloads/03_图片素材/RAW_DNG照片/04_批量导出_转换与预览/converted_DNG/IMG_9057_converted.DNG,04_批量导出_转换与预览/converted_DNG/IMG_9057_converted.DNG,04_批量导出_转换与预览/converted_DNG,IMG_9057_converted.DNG,.dng,27814390,26.526,1773497182
/Users/retriedstormtrooper/Downloads/03_图片素材/RAW_DNG照片/04_批量导出_转换与预览/converted_DNG/IMG_9058_converted.DNG,04_批量导出_转换与预览/converted_DNG/IMG_9058_converted.DNG,04_批量导出_转换与预览/converted_DNG,IMG_9058_converted.DNG,.dng,25787972,24.593,1773497182
/Users/retriedstormtrooper/Downloads/03_图片素材/RAW_DNG照片/04_批量导出_转换与预览/converted_DNG/IMG_9059_converted.DNG,04_批量导出_转换与预览/converted_DNG/IMG_9059_converted.DNG,04_批量导出_转换与预览/converted_DNG,IMG_9059_converted.DNG,.dng,29195900,27.843,1773497182
/Users/retriedstormtrooper/Downloads/03_图片素材/RAW_DNG照片/04_批量导出_转换与预览/converted_DNG/IMG_9060_converted.DNG,04_批量导出_转换与预览/converted_DNG/IMG_9060_converted.DNG,04_批量导出_转换与预览/converted_DNG,IMG_9060_converted.DNG,.dng,29487614,28.122,1773497182
/Users/retriedstormtrooper/Downloads/03_图片素材/RAW_DNG照片/04_批量导出_转换与预览/converted_DNG/IMG_9061_converted.DNG,04_批量导出_转换与预览/converted_DNG/IMG_9061_converted.DNG,04_批量导出_转换与预览/converted_DNG,IMG_9061_converted.DNG,.dng,27320572,26.055,1773497183
/Users/retriedstormtrooper/Downloads/03_图片素材/RAW_DNG照片/04_批量导出_转换与预览/converted_DNG/IMG_9062_converted.DNG,04_批量导出_转换与预览/converted_DNG/IMG_9062_converted.DNG,04_批量导出_转换与预览/converted_DNG,IMG_9062_converted.DNG,.dng,15516554,14.798,1773497181
/Users/retriedstormtrooper/Downloads/03_图片素材/RAW_DNG照片/04_批量导出_转换与预览/converted_DNG/IMG_9063_converted.DNG,04_批量导出_转换与预览/converted_DNG/IMG_9063_converted.DNG,04_批量导出_转换与预览/converted_DNG,IMG_9063_converted.DNG,.dng,15075986,14.378,1773497182
/Users/retriedstormtrooper/Downloads/03_图片素材/RAW_DNG照片/04_批量导出_转换与预览/converted_DNG/IMG_9064_converted.DNG,04_批量导出_转换与预览/converted_DNG/IMG_9064_converted.DNG,04_批量导出_转换与预览/converted_DNG,IMG_9064_converted.DNG,.dng,13595058,12.965,1773497183
/Users/retriedstormtrooper/Downloads/03_图片素材/RAW_DNG照片/04_批量导出_转换与预览/converted_DNG/IMG_9065_converted.DNG,04_批量导出_转换与预览/converted_DNG/IMG_9065_converted.DNG,04_批量导出_转换与预览/converted_DNG,IMG_9065_converted.DNG,.dng,14898984,14.209,1773497183
/Users/retriedstormtrooper/Downloads/03_图片素材/RAW_DNG照片/04_批量导出_转换与预览/converted_DNG/IMG_9066_converted.DNG,04_批量导出_转换与预览/converted_DNG/IMG_9066_converted.DNG,04_批量导出_转换与预览/converted_DNG,IMG_9066_converted.DNG,.dng,21014990,20.041,1773497185
/Users/retriedstormtrooper/Downloads/03_图片素材/RAW_DNG照片/04_批量导出_转换与预览/converted_DNG/IMG_9067_converted.DNG,04_批量导出_转换与预览/converted_DNG/IMG_9067_converted.DNG,04_批量导出_转换与预览/converted_DNG,IMG_9067_converted.DNG,.dng,18765268,17.896,1773497184
/Users/retriedstormtrooper/Downloads/03_图片素材/RAW_DNG照片/04_批量导出_转换与预览/converted_DNG/IMG_9068_converted.DNG,04_批量导出_转换与预览/converted_DNG/IMG_9068_converted.DNG,04_批量导出_转换与预览/converted_DNG,IMG_9068_converted.DNG,.dng,16306410,15.551,1773497185
/Users/retriedstormtrooper/Downloads/03_图片素材/RAW_DNG照片/04_批量导出_转换与预览/converted_DNG/IMG_9069_converted.DNG,04_批量导出_转换与预览/converted_DNG/IMG_9069_converted.DNG,04_批量导出_转换与预览/converted_DNG,IMG_9069_converted.DNG,.dng,13117472,12.51,1773497184
/Users/retriedstormtrooper/Downloads/03_图片素材/RAW_DNG照片/04_批量导出_转换与预览/converted_DNG/IMG_9070_converted.DNG,04_批量导出_转换与预览/converted_DNG/IMG_9070_converted.DNG,04_批量导出_转换与预览/converted_DNG,IMG_9070_converted.DNG,.dng,12661804,12.075,1773497184
/Users/retriedstormtrooper/Downloads/03_图片素材/RAW_DNG照片/04_批量导出_转换与预览/converted_DNG/IMG_9071_converted.DNG,04_批量导出_转换与预览/converted_DNG/IMG_9071_converted.DNG,04_批量导出_转换与预览/converted_DNG,IMG_9071_converted.DNG,.dng,12560606,11.979,1773497184
/Users/retriedstormtrooper/Downloads/03_图片素材/RAW_DNG照片/04_批量导出_转换与预览/converted_DNG/IMG_9072_converted.DNG,04_批量导出_转换与预览/converted_DNG/IMG_9072_converted.DNG,04_批量导出_转换与预览/converted_DNG,IMG_9072_converted.DNG,.dng,21437190,20.444,1773497185
/Users/retriedstormtrooper/Downloads/03_图片素材/RAW_DNG照片/04_批量导出_转换与预览/converted_DNG/IMG_9073_converted.DNG,04_批量导出_转换与预览/converted_DNG/IMG_9073_converted.DNG,04_批量导出_转换与预览/converted_DNG,IMG_9073_converted.DNG,.dng,17898180,17.069,1773497185
/Users/retriedstormtrooper/Downloads/03_图片素材/RAW_DNG照片/04_批量导出_转换与预览/converted_DNG/IMG_9074_converted.DNG,04_批量导出_转换与预览/converted_DNG/IMG_9074_converted.DNG,04_批量导出_转换与预览/converted_DNG,IMG_9074_converted.DNG,.dng,10666380,10.172,1773497184
/Users/retriedstormtrooper/Downloads/03_图片素材/RAW_DNG照片/04_批量导出_转换与预览/converted_DNG/IMG_9075_converted.DNG,04_批量导出_转换与预览/converted_DNG/IMG_9075_converted.DNG,04_批量导出_转换与预览/converted_DNG,IMG_9075_converted.DNG,.dng,11200218,10.681,1773497185
/Users/retriedstormtrooper/Downloads/03_图片素材/RAW_DNG照片/04_批量导出_转换与预览/converted_DNG/IMG_9076_converted.DNG,04_批量导出_转换与预览/converted_DNG/IMG_9076_converted.DNG,04_批量导出_转换与预览/converted_DNG,IMG_9076_converted.DNG,.dng,10683470,10.189,1773497185
/Users/retriedstormtrooper/Downloads/03_图片素材/RAW_DNG照片/04_批量导出_转换与预览/converted_DNG/IMG_9077_converted.DNG,04_批量导出_转换与预览/converted_DNG/IMG_9077_converted.DNG,04_批量导出_转换与预览/converted_DNG,IMG_9077_converted.DNG,.dng,10526836,10.039,1773497185
/Users/retriedstormtrooper/Downloads/03_图片素材/RAW_DNG照片/04_批量导出_转换与预览/converted_DNG/IMG_9078_converted.DNG,04_批量导出_转换与预览/converted_DNG/IMG_9078_converted.DNG,04_批量导出_转换与预览/converted_DNG,IMG_9078_converted.DNG,.dng,12159576,11.596,1773497185
/Users/retriedstormtrooper/Downloads/03_图片素材/RAW_DNG照片/04_批量导出_转换与预览/converted_DNG/IMG_9079_converted.DNG,04_批量导出_转换与预览/converted_DNG/IMG_9079_converted.DNG,04_批量导出_转换与预览/converted_DNG,IMG_9079_converted.DNG,.dng,20239036,19.301,1773497187
/Users/retriedstormtrooper/Downloads/03_图片素材/RAW_DNG照片/04_批量导出_转换与预览/converted_DNG/IMG_9080_converted.DNG,04_批量导出_转换与预览/converted_DNG/IMG_9080_converted.DNG,04_批量导出_转换与预览/converted_DNG,IMG_9080_converted.DNG,.dng,20452476,19.505,1773497187
/Users/retriedstormtrooper/Downloads/03_图片素材/RAW_DNG照片/04_批量导出_转换与预览/converted_DNG/IMG_9081_converted.DNG,04_批量导出_转换与预览/converted_DNG/IMG_9081_converted.DNG,04_批量导出_转换与预览/converted_DNG,IMG_9081_converted.DNG,.dng,19932830,19.009,1773497187
/Users/retriedstormtrooper/Downloads/03_图片素材/RAW_DNG照片/04_批量导出_转换与预览/converted_DNG/IMG_9082_converted.DNG,04_批量导出_转换与预览/converted_DNG/IMG_9082_converted.DNG,04_批量导出_转换与预览/converted_DNG,IMG_9082_converted.DNG,.dng,20141846,19.209,1773497187
/Users/retriedstormtrooper/Downloads/03_图片素材/RAW_DNG照片/04_批量导出_转换与预览/converted_DNG/IMG_9083_converted.DNG,04_批量导出_转换与预览/converted_DNG/IMG_9083_converted.DNG,04_批量导出_转换与预览/converted_DNG,IMG_9083_converted.DNG,.dng,15032880,14.336,1773497186
/Users/retriedstormtrooper/Downloads/03_图片素材/RAW_DNG照片/04_批量导出_转换与预览/converted_DNG/IMG_9084_converted.DNG,04_批量导出_转换与预览/converted_DNG/IMG_9084_converted.DNG,04_批量导出_转换与预览/converted_DNG,IMG_9084_converted.DNG,.dng,14090324,13.438,1773497186
/Users/retriedstormtrooper/Downloads/03_图片素材/RAW_DNG照片/04_批量导出_转换与预览/converted_DNG/IMG_9085_converted.DNG,04_批量导出_转换与预览/converted_DNG/IMG_9085_converted.DNG,04_批量导出_转换与预览/converted_DNG,IMG_9085_converted.DNG,.dng,17802194,16.977,1773497186
/Users/retriedstormtrooper/Downloads/03_图片素材/RAW_DNG照片/04_批量导出_转换与预览/converted_DNG/IMG_9086_converted.DNG,04_批量导出_转换与预览/converted_DNG/IMG_9086_converted.DNG,04_批量导出_转换与预览/converted_DNG,IMG_9086_converted.DNG,.dng,15563380,14.842,1773497186
/Users/retriedstormtrooper/Downloads/03_图片素材/RAW_DNG照片/04_批量导出_转换与预览/converted_DNG/IMG_9087_converted.DNG,04_批量导出_转换与预览/converted_DNG/IMG_9087_converted.DNG,04_批量导出_转换与预览/converted_DNG,IMG_9087_converted.DNG,.dng,15817450,15.085,1773497187
/Users/retriedstormtrooper/Downloads/03_图片素材/RAW_DNG照片/04_批量导出_转换与预览/converted_DNG/IMG_9088_converted.DNG,04_批量导出_转换与预览/converted_DNG/IMG_9088_converted.DNG,04_批量导出_转换与预览/converted_DNG,IMG_9088_converted.DNG,.dng,19032972,18.151,1773497188
/Users/retriedstormtrooper/Downloads/03_图片素材/RAW_DNG照片/04_批量导出_转换与预览/converted_DNG/IMG_9089_converted.DNG,04_批量导出_转换与预览/converted_DNG/IMG_9089_converted.DNG,04_批量导出_转换与预览/converted_DNG,IMG_9089_converted.DNG,.dng,13593534,12.964,1773497188
/Users/retriedstormtrooper/Downloads/03_图片素材/RAW_DNG照片/04_批量导出_转换与预览/converted_DNG/IMG_9090_converted.DNG,04_批量导出_转换与预览/converted_DNG/IMG_9090_converted.DNG,04_批量导出_转换与预览/converted_DNG,IMG_9090_converted.DNG,.dng,16950178,16.165,1773497188
/Users/retriedstormtrooper/Downloads/03_图片素材/RAW_DNG照片/04_批量导出_转换与预览/converted_DNG/IMG_9091_converted.DNG,04_批量导出_转换与预览/converted_DNG/IMG_9091_converted.DNG,04_批量导出_转换与预览/converted_DNG,IMG_9091_converted.DNG,.dng,21320050,20.332,1773497189
/Users/retriedstormtrooper/Downloads/03_图片素材/RAW_DNG照片/04_批量导出_转换与预览/converted_DNG/IMG_9092_converted.DNG,04_批量导出_转换与预览/converted_DNG/IMG_9092_converted.DNG,04_批量导出_转换与预览/converted_DNG,IMG_9092_converted.DNG,.dng,20827580,19.863,1773497189
/Users/retriedstormtrooper/Downloads/03_图片素材/RAW_DNG照片/04_批量导出_转换与预览/converted_DNG/IMG_9093_converted.DNG,04_批量导出_转换与预览/converted_DNG/IMG_9093_converted.DNG,04_批量导出_转换与预览/converted_DNG,IMG_9093_converted.DNG,.dng,17834512,17.008,1773497189
/Users/retriedstormtrooper/Downloads/03_图片素材/RAW_DNG照片/04_批量导出_转换与预览/converted_DNG/IMG_9094_converted.DNG,04_批量导出_转换与预览/converted_DNG/IMG_9094_converted.DNG,04_批量导出_转换与预览/converted_DNG,IMG_9094_converted.DNG,.dng,19554988,18.649,1773497190
/Users/retriedstormtrooper/Downloads/03_图片素材/RAW_DNG照片/04_批量导出_转换与预览/converted_DNG/IMG_9095_converted.DNG,04_批量导出_转换与预览/converted_DNG/IMG_9095_converted.DNG,04_批量导出_转换与预览/converted_DNG,IMG_9095_converted.DNG,.dng,19982574,19.057,1773497190
/Users/retriedstormtrooper/Downloads/03_图片素材/RAW_DNG照片/04_批量导出_转换与预览/converted_DNG/IMG_9096_converted.DNG,04_批量导出_转换与预览/converted_DNG/IMG_9096_converted.DNG,04_批量导出_转换与预览/converted_DNG,IMG_9096_converted.DNG,.dng,20167238,19.233,1773497190
/Users/retriedstormtrooper/Downloads/03_图片素材/RAW_DNG照片/04_批量导出_转换与预览/converted_DNG/IMG_9097_converted.DNG,04_批量导出_转换与预览/converted_DNG/IMG_9097_converted.DNG,04_批量导出_转换与预览/converted_DNG,IMG_9097_converted.DNG,.dng,22367754,21.332,1773497190
/Users/retriedstormtrooper/Downloads/03_图片素材/RAW_DNG照片/04_批量导出_转换与预览/converted_DNG/IMG_9098_converted.DNG,04_批量导出_转换与预览/converted_DNG/IMG_9098_converted.DNG,04_批量导出_转换与预览/converted_DNG,IMG_9098_converted.DNG,.dng,19925602,19.003,1773497191
/Users/retriedstormtrooper/Downloads/03_图片素材/RAW_DNG照片/04_批量导出_转换与预览/converted_DNG/IMG_9099_converted.DNG,04_批量导出_转换与预览/converted_DNG/IMG_9099_converted.DNG,04_批量导出_转换与预览/converted_DNG,IMG_9099_converted.DNG,.dng,19881926,18.961,1773497191
/Users/retriedstormtrooper/Downloads/03_图片素材/RAW_DNG照片/04_批量导出_转换与预览/converted_DNG/IMG_9100_converted.DNG,04_批量导出_转换与预览/converted_DNG/IMG_9100_converted.DNG,04_批量导出_转换与预览/converted_DNG,IMG_9100_converted.DNG,.dng,20241008,19.303,1773497191
/Users/retriedstormtrooper/Downloads/03_图片素材/RAW_DNG照片/04_批量导出_转换与预览/converted_DNG/IMG_9101_converted.DNG,04_批量导出_转换与预览/converted_DNG/IMG_9101_converted.DNG,04_批量导出_转换与预览/converted_DNG,IMG_9101_converted.DNG,.dng,23696238,22.598,1773497192
/Users/retriedstormtrooper/Downloads/03_图片素材/RAW_DNG照片/04_批量导出_转换与预览/converted_DNG/IMG_9102_converted.DNG,04_批量导出_转换与预览/converted_DNG/IMG_9102_converted.DNG,04_批量导出_转换与预览/converted_DNG,IMG_9102_converted.DNG,.dng,23977192,22.866,1773497192
/Users/retriedstormtrooper/Downloads/03_图片素材/RAW_DNG照片/04_批量导出_转换与预览/converted_DNG/IMG_9103_converted.DNG,04_批量导出_转换与预览/converted_DNG/IMG_9103_converted.DNG,04_批量导出_转换与预览/converted_DNG,IMG_9103_converted.DNG,.dng,23305848,22.226,1773497192
/Users/retriedstormtrooper/Downloads/03_图片素材/RAW_DNG照片/04_批量导出_转换与预览/converted_DNG/IMG_9104_converted.DNG,04_批量导出_转换与预览/converted_DNG/IMG_9104_converted.DNG,04_批量导出_转换与预览/converted_DNG,IMG_9104_converted.DNG,.dng,21614956,20.614,1773497192
/Users/retriedstormtrooper/Downloads/03_图片素材/RAW_DNG照片/04_批量导出_转换与预览/converted_DNG/IMG_9105_converted.DNG,04_批量导出_转换与预览/converted_DNG/IMG_9105_converted.DNG,04_批量导出_转换与预览/converted_DNG,IMG_9105_converted.DNG,.dng,22836656,21.779,1773497193
/Users/retriedstormtrooper/Downloads/03_图片素材/RAW_DNG照片/04_批量导出_转换与预览/converted_DNG/IMG_9106_converted.DNG,04_批量导出_转换与预览/converted_DNG/IMG_9106_converted.DNG,04_批量导出_转换与预览/converted_DNG,IMG_9106_converted.DNG,.dng,15365260,14.653,1773497191
/Users/retriedstormtrooper/Downloads/03_图片素材/RAW_DNG照片/04_批量导出_转换与预览/converted_DNG/IMG_9107_converted.DNG,04_批量导出_转换与预览/converted_DNG/IMG_9107_converted.DNG,04_批量导出_转换与预览/converted_DNG,IMG_9107_converted.DNG,.dng,12163200,11.6,1773497191
/Users/retriedstormtrooper/Downloads/03_图片素材/RAW_DNG照片/04_批量导出_转换与预览/converted_DNG/IMG_9108_converted.DNG,04_批量导出_转换与预览/converted_DNG/IMG_9108_converted.DNG,04_批量导出_转换与预览/converted_DNG,IMG_9108_converted.DNG,.dng,11978100,11.423,1773497192
/Users/retriedstormtrooper/Downloads/03_图片素材/RAW_DNG照片/04_批量导出_转换与预览/converted_DNG/IMG_9109_converted.DNG,04_批量导出_转换与预览/converted_DNG/IMG_9109_converted.DNG,04_批量导出_转换与预览/converted_DNG,IMG_9109_converted.DNG,.dng,12108430,11.547,1773497192
/Users/retriedstormtrooper/Downloads/03_图片素材/RAW_DNG照片/04_批量导出_转换与预览/converted_DNG/IMG_9110_converted.DNG,04_批量导出_转换与预览/converted_DNG/IMG_9110_converted.DNG,04_批量导出_转换与预览/converted_DNG,IMG_9110_converted.DNG,.dng,20722094,19.762,1773497193
/Users/retriedstormtrooper/Downloads/03_图片素材/RAW_DNG照片/04_批量导出_转换与预览/converted_DNG/IMG_9111_converted.DNG,04_批量导出_转换与预览/converted_DNG/IMG_9111_converted.DNG,04_批量导出_转换与预览/converted_DNG,IMG_9111_converted.DNG,.dng,20610304,19.656,1773497194
/Users/retriedstormtrooper/Downloads/03_图片素材/RAW_DNG照片/04_批量导出_转换与预览/converted_DNG/IMG_9112_converted.DNG,04_批量导出_转换与预览/converted_DNG/IMG_9112_converted.DNG,04_批量导出_转换与预览/converted_DNG,IMG_9112_converted.DNG,.dng,21330426,20.342,1773497194
/Users/retriedstormtrooper/Downloads/03_图片素材/RAW_DNG照片/04_批量导出_转换与预览/converted_DNG/IMG_9113_converted.DNG,04_批量导出_转换与预览/converted_DNG/IMG_9113_converted.DNG,04_批量导出_转换与预览/converted_DNG,IMG_9113_converted.DNG,.dng,20199704,19.264,1773497194
/Users/retriedstormtrooper/Downloads/03_图片素材/RAW_DNG照片/04_批量导出_转换与预览/converted_DNG/IMG_9114_converted.DNG,04_批量导出_转换与预览/converted_DNG/IMG_9114_converted.DNG,04_批量导出_转换与预览/converted_DNG,IMG_9114_converted.DNG,.dng,20129498,19.197,1773497194
/Users/retriedstormtrooper/Downloads/03_图片素材/RAW_DNG照片/04_批量导出_转换与预览/converted_DNG/IMG_9115_converted.DNG,04_批量导出_转换与预览/converted_DNG/IMG_9115_converted.DNG,04_批量导出_转换与预览/converted_DNG,IMG_9115_converted.DNG,.dng,11743540,11.2,1773497193
/Users/retriedstormtrooper/Downloads/03_图片素材/RAW_DNG照片/04_批量导出_转换与预览/converted_DNG/IMG_9116_converted.DNG,04_批量导出_转换与预览/converted_DNG/IMG_9116_converted.DNG,04_批量导出_转换与预览/converted_DNG,IMG_9116_converted.DNG,.dng,12057340,11.499,1773497194
/Users/retriedstormtrooper/Downloads/03_图片素材/RAW_DNG照片/04_批量导出_转换与预览/converted_DNG/IMG_9117_converted.DNG,04_批量导出_转换与预览/converted_DNG/IMG_9117_converted.DNG,04_批量导出_转换与预览/converted_DNG,IMG_9117_converted.DNG,.dng,13971204,13.324,1773497194
/Users/retriedstormtrooper/Downloads/03_图片素材/RAW_DNG照片/04_批量导出_转换与预览/converted_DNG/IMG_9118_converted.DNG,04_批量导出_转换与预览/converted_DNG/IMG_9118_converted.DNG,04_批量导出_转换与预览/converted_DNG,IMG_9118_converted.DNG,.dng,16326038,15.57,1773497195
/Users/retriedstormtrooper/Downloads/03_图片素材/RAW_DNG照片/04_批量导出_转换与预览/converted_DNG/IMG_9119_converted.DNG,04_批量导出_转换与预览/converted_DNG/IMG_9119_converted.DNG,04_批量导出_转换与预览/converted_DNG,IMG_9119_converted.DNG,.dng,15276022,14.568,1773497195
/Users/retriedstormtrooper/Downloads/03_图片素材/RAW_DNG照片/04_批量导出_转换与预览/converted_DNG/IMG_9120_converted.DNG,04_批量导出_转换与预览/converted_DNG/IMG_9120_converted.DNG,04_批量导出_转换与预览/converted_DNG,IMG_9120_converted.DNG,.dng,19099460,18.215,1773497239
/Users/retriedstormtrooper/Downloads/03_图片素材/RAW_DNG照片/04_批量导出_转换与预览/converted_DNG/IMG_9121_converted.DNG,04_批量导出_转换与预览/converted_DNG/IMG_9121_converted.DNG,04_批量导出_转换与预览/converted_DNG,IMG_9121_converted.DNG,.dng,9855036,9.398,1773497241
/Users/retriedstormtrooper/Downloads/03_图片素材/RAW_DNG照片/04_批量导出_转换与预览/converted_DNG/IMG_9123_converted.DNG,04_批量导出_转换与预览/converted_DNG/IMG_9123_converted.DNG,04_批量导出_转换与预览/converted_DNG,IMG_9123_converted.DNG,.dng,16683656,15.911,1773497256
/Users/retriedstormtrooper/Downloads/03_图片素材/RAW_DNG照片/04_批量导出_转换与预览/converted_DNG/IMG_9124_converted.DNG,04_批量导出_转换与预览/converted_DNG/IMG_9124_converted.DNG,04_批量导出_转换与预览/converted_DNG,IMG_9124_converted.DNG,.dng,17761946,16.939,1773497262
/Users/retriedstormtrooper/Downloads/03_图片素材/RAW_DNG照片/04_批量导出_转换与预览/converted_DNG/IMG_9125_converted.DNG,04_批量导出_转换与预览/converted_DNG/IMG_9125_converted.DNG,04_批量导出_转换与预览/converted_DNG,IMG_9125_converted.DNG,.dng,21351676,20.363,1773497265
/Users/retriedstormtrooper/Downloads/03_图片素材/RAW_DNG照片/04_批量导出_转换与预览/converted_DNG/IMG_9126_converted.DNG,04_批量导出_转换与预览/converted_DNG/IMG_9126_converted.DNG,04_批量导出_转换与预览/converted_DNG,IMG_9126_converted.DNG,.dng,18111834,17.273,1773497273
/Users/retriedstormtrooper/Downloads/03_图片素材/RAW_DNG照片/04_批量导出_转换与预览/converted_DNG/IMG_9127_converted.DNG,04_批量导出_转换与预览/converted_DNG/IMG_9127_converted.DNG,04_批量导出_转换与预览/converted_DNG,IMG_9127_converted.DNG,.dng,7354420,7.014,1773497195
/Users/retriedstormtrooper/Downloads/03_图片素材/RAW_DNG照片/04_批量导出_转换与预览/converted_DNG/IMG_9128_converted.DNG,04_批量导出_转换与预览/converted_DNG/IMG_9128_converted.DNG,04_批量导出_转换与预览/converted_DNG,IMG_9128_converted.DNG,.dng,12807154,12.214,1773497235
/Users/retriedstormtrooper/Downloads/03_图片素材/RAW_DNG照片/04_批量导出_转换与预览/converted_DNG/IMG_9129_converted.DNG,04_批量导出_转换与预览/converted_DNG/IMG_9129_converted.DNG,04_批量导出_转换与预览/converted_DNG,IMG_9129_converted.DNG,.dng,16333268,15.577,1773497264
/Users/retriedstormtrooper/Downloads/03_图片素材/RAW_DNG照片/04_批量导出_转换与预览/converted_DNG/IMG_9130_converted.DNG,04_批量导出_转换与预览/converted_DNG/IMG_9130_converted.DNG,04_批量导出_转换与预览/converted_DNG,IMG_9130_converted.DNG,.dng,14825616,14.139,1773497273
/Users/retriedstormtrooper/Downloads/03_图片素材/RAW_DNG照片/04_批量导出_转换与预览/converted_DNG/IMG_9131_converted.DNG,04_批量导出_转换与预览/converted_DNG/IMG_9131_converted.DNG,04_批量导出_转换与预览/converted_DNG,IMG_9131_converted.DNG,.dng,12404180,11.83,1773497273
/Users/retriedstormtrooper/Downloads/03_图片素材/RAW_DNG照片/04_批量导出_转换与预览/converted_DNG/IMG_9132_converted.DNG,04_批量导出_转换与预览/converted_DNG/IMG_9132_converted.DNG,04_批量导出_转换与预览/converted_DNG,IMG_9132_converted.DNG,.dng,18953958,18.076,1773497273
/Users/retriedstormtrooper/Downloads/03_图片素材/RAW_DNG照片/04_批量导出_转换与预览/converted_DNG/IMG_9133_converted.DNG,04_批量导出_转换与预览/converted_DNG/IMG_9133_converted.DNG,04_批量导出_转换与预览/converted_DNG,IMG_9133_converted.DNG,.dng,15501840,14.784,1773497273
/Users/retriedstormtrooper/Downloads/03_图片素材/RAW_DNG照片/04_批量导出_转换与预览/converted_DNG/IMG_9134_converted.DNG,04_批量导出_转换与预览/converted_DNG/IMG_9134_converted.DNG,04_批量导出_转换与预览/converted_DNG,IMG_9134_converted.DNG,.dng,15943946,15.205,1773497273
/Users/retriedstormtrooper/Downloads/03_图片素材/RAW_DNG照片/04_批量导出_转换与预览/converted_DNG/IMG_9135_converted.DNG,04_批量导出_转换与预览/converted_DNG/IMG_9135_converted.DNG,04_批量导出_转换与预览/converted_DNG,IMG_9135_converted.DNG,.dng,16063838,15.32,1773497273
/Users/retriedstormtrooper/Downloads/03_图片素材/RAW_DNG照片/04_批量导出_转换与预览/converted_DNG/IMG_9136_converted.DNG,04_批量导出_转换与预览/converted_DNG/IMG_9136_converted.DNG,04_批量导出_转换与预览/converted_DNG,IMG_9136_converted.DNG,.dng,25243642,24.074,1773497275
/Users/retriedstormtrooper/Downloads/03_图片素材/RAW_DNG照片/04_批量导出_转换与预览/converted_DNG/IMG_9137_converted.DNG,04_批量导出_转换与预览/converted_DNG/IMG_9137_converted.DNG,04_批量导出_转换与预览/converted_DNG,IMG_9137_converted.DNG,.dng,10752108,10.254,1773497274
/Users/retriedstormtrooper/Downloads/03_图片素材/RAW_DNG照片/04_批量导出_转换与预览/converted_DNG/IMG_9138_converted.DNG,04_批量导出_转换与预览/converted_DNG/IMG_9138_converted.DNG,04_批量导出_转换与预览/converted_DNG,IMG_9138_converted.DNG,.dng,15894048,15.158,1773497275
/Users/retriedstormtrooper/Downloads/03_图片素材/RAW_DNG照片/04_批量导出_转换与预览/converted_DNG/IMG_9139_converted.DNG,04_批量导出_转换与预览/converted_DNG/IMG_9139_converted.DNG,04_批量导出_转换与预览/converted_DNG,IMG_9139_converted.DNG,.dng,12444766,11.868,1773497274
/Users/retriedstormtrooper/Downloads/03_图片素材/RAW_DNG照片/04_批量导出_转换与预览/converted_DNG/IMG_9140_converted.DNG,04_批量导出_转换与预览/converted_DNG/IMG_9140_converted.DNG,04_批量导出_转换与预览/converted_DNG,IMG_9140_converted.DNG,.dng,16769898,15.993,1773497274
/Users/retriedstormtrooper/Downloads/03_图片素材/RAW_DNG照片/04_批量导出_转换与预览/converted_DNG/IMG_9141_converted.DNG,04_批量导出_转换与预览/converted_DNG/IMG_9141_converted.DNG,04_批量导出_转换与预览/converted_DNG,IMG_9141_converted.DNG,.dng,15341064,14.63,1773497274
/Users/retriedstormtrooper/Downloads/03_图片素材/RAW_DNG照片/04_批量导出_转换与预览/converted_DNG/IMG_9142_converted.DNG,04_批量导出_转换与预览/converted_DNG/IMG_9142_converted.DNG,04_批量导出_转换与预览/converted_DNG,IMG_9142_converted.DNG,.dng,18109540,17.271,1773497275
/Users/retriedstormtrooper/Downloads/03_图片素材/RAW_DNG照片/04_批量导出_转换与预览/converted_DNG/IMG_9143_converted.DNG,04_批量导出_转换与预览/converted_DNG/IMG_9143_converted.DNG,04_批量导出_转换与预览/converted_DNG,IMG_9143_converted.DNG,.dng,12639718,12.054,1773497275
/Users/retriedstormtrooper/Downloads/03_图片素材/RAW_DNG照片/04_批量导出_转换与预览/converted_DNG/IMG_9144_converted.DNG,04_批量导出_转换与预览/converted_DNG/IMG_9144_converted.DNG,04_批量导出_转换与预览/converted_DNG,IMG_9144_converted.DNG,.dng,14752582,14.069,1773497275
/Users/retriedstormtrooper/Downloads/03_图片素材/RAW_DNG照片/04_批量导出_转换与预览/converted_DNG/IMG_9145_converted.DNG,04_批量导出_转换与预览/converted_DNG/IMG_9145_converted.DNG,04_批量导出_转换与预览/converted_DNG,IMG_9145_converted.DNG,.dng,15804564,15.072,1773497275
/Users/retriedstormtrooper/Downloads/03_图片素材/RAW_DNG照片/04_批量导出_转换与预览/converted_DNG/IMG_9146_converted.DNG,04_批量导出_转换与预览/converted_DNG/IMG_9146_converted.DNG,04_批量导出_转换与预览/converted_DNG,IMG_9146_converted.DNG,.dng,20473096,19.525,1773497277
/Users/retriedstormtrooper/Downloads/03_图片素材/RAW_DNG照片/04_批量导出_转换与预览/converted_DNG/IMG_9147_converted.DNG,04_批量导出_转换与预览/converted_DNG/IMG_9147_converted.DNG,04_批量导出_转换与预览/converted_DNG,IMG_9147_converted.DNG,.dng,15256980,14.55,1773497275
/Users/retriedstormtrooper/Downloads/03_图片素材/RAW_DNG照片/04_批量导出_转换与预览/converted_DNG/IMG_9149_converted.DNG,04_批量导出_转换与预览/converted_DNG/IMG_9149_converted.DNG,04_批量导出_转换与预览/converted_DNG,IMG_9149_converted.DNG,.dng,11583688,11.047,1773497275
/Users/retriedstormtrooper/Downloads/03_图片素材/RAW_DNG照片/04_批量导出_转换与预览/converted_DNG/IMG_9299_converted.DNG,04_批量导出_转换与预览/converted_DNG/IMG_9299_converted.DNG,04_批量导出_转换与预览/converted_DNG,IMG_9299_converted.DNG,.dng,14401422,13.734,1773497277
/Users/retriedstormtrooper/Downloads/03_图片素材/RAW_DNG照片/04_批量导出_转换与预览/converted_DNG/IMG_9944_converted.DNG,04_批量导出_转换与预览/converted_DNG/IMG_9944_converted.DNG,04_批量导出_转换与预览/converted_DNG,IMG_9944_converted.DNG,.dng,14157932,13.502,1773497277
/Users/retriedstormtrooper/Downloads/03_图片素材/RAW_DNG照片/04_批量导出_转换与预览/converted_DNG/IMG_9945_converted.DNG,04_批量导出_转换与预览/converted_DNG/IMG_9945_converted.DNG,04_批量导出_转换与预览/converted_DNG,IMG_9945_converted.DNG,.dng,16832698,16.053,1773497277
/Users/retriedstormtrooper/Downloads/03_图片素材/RAW_DNG照片/04_批量导出_转换与预览/converted_DNG/IMG_9946_converted.DNG,04_批量导出_转换与预览/converted_DNG/IMG_9946_converted.DNG,04_批量导出_转换与预览/converted_DNG,IMG_9946_converted.DNG,.dng,14127616,13.473,1773497277
/Users/retriedstormtrooper/Downloads/03_图片素材/RAW_DNG照片/04_批量导出_转换与预览/converted_DNG/IMG_9947_converted.DNG,04_批量导出_转换与预览/converted_DNG/IMG_9947_converted.DNG,04_批量导出_转换与预览/converted_DNG,IMG_9947_converted.DNG,.dng,15180726,14.477,1773497278
/Users/retriedstormtrooper/Downloads/03_图片素材/RAW_DNG照片/04_批量导出_转换与预览/converted_DNG/IMG_9948_converted.DNG,04_批量导出_转换与预览/converted_DNG/IMG_9948_converted.DNG,04_批量导出_转换与预览/converted_DNG,IMG_9948_converted.DNG,.dng,12729456,12.14,1773497277
/Users/retriedstormtrooper/Downloads/03_图片素材/RAW_DNG照片/04_批量导出_转换与预览/converted_DNG/IMG_9949_converted.DNG,04_批量导出_转换与预览/converted_DNG/IMG_9949_converted.DNG,04_批量导出_转换与预览/converted_DNG,IMG_9949_converted.DNG,.dng,13409264,12.788,1773497278
/Users/retriedstormtrooper/Downloads/03_图片素材/RAW_DNG照片/07_历史批量归档_DNG/250707_ShotOn-Demo-Rose-CycWall-VividKidStudios-NewYorkCity_SH_i120439.DNG,07_历史批量归档_DNG/250707_ShotOn-Demo-Rose-CycWall-VividKidStudios-NewYorkCity_SH_i120439.DNG,07_历史批量归档_DNG,250707_ShotOn-Demo-Rose-CycWall-VividKidStudios-NewYorkCity_SH_i120439.DNG,.dng,52833000,50.385,1751902487
/Users/retriedstormtrooper/Downloads/03_图片素材/RAW_DNG照片/07_历史批量归档_DNG/250707_ShotOn-Demo-Rose-CycWall-VividKidStudios-NewYorkCity_SH_i190678.DNG,07_历史批量归档_DNG/250707_ShotOn-Demo-Rose-CycWall-VividKidStudios-NewYorkCity_SH_i190678.DNG,07_历史批量归档_DNG,250707_ShotOn-Demo-Rose-CycWall-VividKidStudios-NewYorkCity_SH_i190678.DNG,.dng,62704118,59.799,1751926101
/Users/retriedstormtrooper/Downloads/03_图片素材/RAW_DNG照片/07_历史批量归档_DNG/250707_ShotOn-Demo-Rose-CycWall-VividKidStudios-NewYorkCity_SH_i190704.DNG,07_历史批量归档_DNG/250707_ShotOn-Demo-Rose-CycWall-VividKidStudios-NewYorkCity_SH_i190704.DNG,07_历史批量归档_DNG,250707_ShotOn-Demo-Rose-CycWall-VividKidStudios-NewYorkCity_SH_i190704.DNG,.dng,19292540,18.399,1751926299
/Users/retriedstormtrooper/Downloads/03_图片素材/RAW_DNG照片/07_历史批量归档_DNG/IMG20240311182516.DNG,07_历史批量归档_DNG/IMG20240311182516.DNG,07_历史批量归档_DNG,IMG20240311182516.DNG,.dng,4265942,4.068,1710152716
/Users/retriedstormtrooper/Downloads/03_图片素材/RAW_DNG照片/07_历史批量归档_DNG/IMG20250812060811_Converted.DNG,07_历史批量归档_DNG/IMG20250812060811_Converted.DNG,07_历史批量归档_DNG,IMG20250812060811_Converted.DNG,.dng,63026702,60.107,1755579714
/Users/retriedstormtrooper/Downloads/03_图片素材/RAW_DNG照片/07_历史批量归档_DNG/IMG20251023145009_converted.DNG,07_历史批量归档_DNG/IMG20251023145009_converted.DNG,07_历史批量归档_DNG,IMG20251023145009_converted.DNG,.dng,83650394,79.775,1761648362
/Users/retriedstormtrooper/Downloads/03_图片素材/RAW_DNG照片/07_历史批量归档_DNG/IMG20251023145445_converted.DNG,07_历史批量归档_DNG/IMG20251023145445_converted.DNG,07_历史批量归档_DNG,IMG20251023145445_converted.DNG,.dng,82132460,78.328,1761648775
/Users/retriedstormtrooper/Downloads/03_图片素材/RAW_DNG照片/07_历史批量归档_DNG/IMG_0126.DNG,07_历史批量归档_DNG/IMG_0126.DNG,07_历史批量归档_DNG,IMG_0126.DNG,.dng,21133822,20.155,1750075374
/Users/retriedstormtrooper/Downloads/03_图片素材/RAW_DNG照片/07_历史批量归档_DNG/IMG_4200.DNG,07_历史批量归档_DNG/IMG_4200.DNG,07_历史批量归档_DNG,IMG_4200.DNG,.dng,15893612,15.157,1758460190
/Users/retriedstormtrooper/Downloads/03_图片素材/RAW_DNG照片/07_历史批量归档_DNG/IMG_4449.DNG,07_历史批量归档_DNG/IMG_4449.DNG,07_历史批量归档_DNG,IMG_4449.DNG,.dng,15452413,14.737,1758711327
/Users/retriedstormtrooper/Downloads/03_图片素材/RAW_DNG照片/07_历史批量归档_DNG/IMG_4450.DNG,07_历史批量归档_DNG/IMG_4450.DNG,07_历史批量归档_DNG,IMG_4450.DNG,.dng,15898475,15.162,1758711401
/Users/retriedstormtrooper/Downloads/03_图片素材/RAW_DNG照片/07_历史批量归档_DNG/IMG_4451.DNG,07_历史批量归档_DNG/IMG_4451.DNG,07_历史批量归档_DNG,IMG_4451.DNG,.dng,15268005,14.561,1758711452
/Users/retriedstormtrooper/Downloads/03_图片素材/RAW_DNG照片/07_历史批量归档_DNG/IMG_4452.DNG,07_历史批量归档_DNG/IMG_4452.DNG,07_历史批量归档_DNG,IMG_4452.DNG,.dng,15234009,14.528,1758711468
/Users/retriedstormtrooper/Downloads/03_图片素材/RAW_DNG照片/07_历史批量归档_DNG/IMG_4534.DNG,07_历史批量归档_DNG/IMG_4534.DNG,07_历史批量归档_DNG,IMG_4534.DNG,.dng,54328771,51.812,1742539443
/Users/retriedstormtrooper/Downloads/03_图片素材/RAW_DNG照片/07_历史批量归档_DNG/IMG_4536.DNG,07_历史批量归档_DNG/IMG_4536.DNG,07_历史批量归档_DNG,IMG_4536.DNG,.dng,120746510,115.153,1742539531
/Users/retriedstormtrooper/Downloads/03_图片素材/RAW_DNG照片/07_历史批量归档_DNG/IMG_4537.DNG,07_历史批量归档_DNG/IMG_4537.DNG,07_历史批量归档_DNG,IMG_4537.DNG,.dng,107474047,102.495,1742539491
/Users/retriedstormtrooper/Downloads/03_图片素材/RAW_DNG照片/07_历史批量归档_DNG/IMG_4545.DNG,07_历史批量归档_DNG/IMG_4545.DNG,07_历史批量归档_DNG,IMG_4545.DNG,.dng,36191944,34.515,1742540416
/Users/retriedstormtrooper/Downloads/03_图片素材/RAW_DNG照片/07_历史批量归档_DNG/IMG_4546.DNG,07_历史批量归档_DNG/IMG_4546.DNG,07_历史批量归档_DNG,IMG_4546.DNG,.dng,30874382,29.444,1742540404
/Users/retriedstormtrooper/Downloads/03_图片素材/RAW_DNG照片/07_历史批量归档_DNG/IMG_4547.DNG,07_历史批量归档_DNG/IMG_4547.DNG,07_历史批量归档_DNG,IMG_4547.DNG,.dng,31214994,29.769,1742540213
/Users/retriedstormtrooper/Downloads/03_图片素材/RAW_DNG照片/07_历史批量归档_DNG/IMG_4548.DNG,07_历史批量归档_DNG/IMG_4548.DNG,07_历史批量归档_DNG,IMG_4548.DNG,.dng,34391212,32.798,1742540223
/Users/retriedstormtrooper/Downloads/03_图片素材/RAW_DNG照片/07_历史批量归档_DNG/IMG_4549.DNG,07_历史批量归档_DNG/IMG_4549.DNG,07_历史批量归档_DNG,IMG_4549.DNG,.dng,29869786,28.486,1742540234
/Users/retriedstormtrooper/Downloads/03_图片素材/RAW_DNG照片/07_历史批量归档_DNG/IMG_4550.DNG,07_历史批量归档_DNG/IMG_4550.DNG,07_历史批量归档_DNG,IMG_4550.DNG,.dng,33864097,32.295,1742540288
/Users/retriedstormtrooper/Downloads/03_图片素材/RAW_DNG照片/07_历史批量归档_DNG/IMG_4552.DNG,07_历史批量归档_DNG/IMG_4552.DNG,07_历史批量归档_DNG,IMG_4552.DNG,.dng,33917045,32.346,1742540456
/Users/retriedstormtrooper/Downloads/03_图片素材/RAW_DNG照片/07_历史批量归档_DNG/IMG_4553.DNG,07_历史批量归档_DNG/IMG_4553.DNG,07_历史批量归档_DNG,IMG_4553.DNG,.dng,36274367,34.594,1742540466
/Users/retriedstormtrooper/Downloads/03_图片素材/RAW_DNG照片/07_历史批量归档_DNG/IMG_4555.DNG,07_历史批量归档_DNG/IMG_4555.DNG,07_历史批量归档_DNG,IMG_4555.DNG,.dng,93484749,89.154,1742540629
/Users/retriedstormtrooper/Downloads/03_图片素材/RAW_DNG照片/07_历史批量归档_DNG/IMG_4556.DNG,07_历史批量归档_DNG/IMG_4556.DNG,07_历史批量归档_DNG,IMG_4556.DNG,.dng,114857358,109.537,1742540821
/Users/retriedstormtrooper/Downloads/03_图片素材/RAW_DNG照片/07_历史批量归档_DNG/IMG_4557.DNG,07_历史批量归档_DNG/IMG_4557.DNG,07_历史批量归档_DNG,IMG_4557.DNG,.dng,126179891,120.335,1742540819
/Users/retriedstormtrooper/Downloads/03_图片素材/RAW_DNG照片/07_历史批量归档_DNG/IMG_4559.DNG,07_历史批量归档_DNG/IMG_4559.DNG,07_历史批量归档_DNG,IMG_4559.DNG,.dng,32293695,30.798,1742541216
/Users/retriedstormtrooper/Downloads/03_图片素材/RAW_DNG照片/07_历史批量归档_DNG/IMG_4560.DNG,07_历史批量归档_DNG/IMG_4560.DNG,07_历史批量归档_DNG,IMG_4560.DNG,.dng,81918740,78.124,1742541302
/Users/retriedstormtrooper/Downloads/03_图片素材/RAW_DNG照片/07_历史批量归档_DNG/IMG_4561.DNG,07_历史批量归档_DNG/IMG_4561.DNG,07_历史批量归档_DNG,IMG_4561.DNG,.dng,28759063,27.427,1742541446
/Users/retriedstormtrooper/Downloads/03_图片素材/RAW_DNG照片/07_历史批量归档_DNG/IMG_4562.DNG,07_历史批量归档_DNG/IMG_4562.DNG,07_历史批量归档_DNG,IMG_4562.DNG,.dng,25747491,24.555,1742541464
/Users/retriedstormtrooper/Downloads/03_图片素材/RAW_DNG照片/07_历史批量归档_DNG/IMG_4563.DNG,07_历史批量归档_DNG/IMG_4563.DNG,07_历史批量归档_DNG,IMG_4563.DNG,.dng,27857702,26.567,1742541499
/Users/retriedstormtrooper/Downloads/03_图片素材/RAW_DNG照片/07_历史批量归档_DNG/IMG_4564.DNG,07_历史批量归档_DNG/IMG_4564.DNG,07_历史批量归档_DNG,IMG_4564.DNG,.dng,26567035,25.336,1742541508
/Users/retriedstormtrooper/Downloads/03_图片素材/RAW_DNG照片/07_历史批量归档_DNG/IMG_4566.DNG,07_历史批量归档_DNG/IMG_4566.DNG,07_历史批量归档_DNG,IMG_4566.DNG,.dng,23356434,22.274,1742541635
/Users/retriedstormtrooper/Downloads/03_图片素材/RAW_DNG照片/07_历史批量归档_DNG/IMG_4567.DNG,07_历史批量归档_DNG/IMG_4567.DNG,07_历史批量归档_DNG,IMG_4567.DNG,.dng,24019882,22.907,1742541647
/Users/retriedstormtrooper/Downloads/03_图片素材/RAW_DNG照片/07_历史批量归档_DNG/IMG_4568.DNG,07_历史批量归档_DNG/IMG_4568.DNG,07_历史批量归档_DNG,IMG_4568.DNG,.dng,31185548,29.741,1742541963
/Users/retriedstormtrooper/Downloads/03_图片素材/RAW_DNG照片/07_历史批量归档_DNG/IMG_4569.DNG,07_历史批量归档_DNG/IMG_4569.DNG,07_历史批量归档_DNG,IMG_4569.DNG,.dng,27551608,26.275,1742541956
/Users/retriedstormtrooper/Downloads/03_图片素材/RAW_DNG照片/07_历史批量归档_DNG/IMG_4570.DNG,07_历史批量归档_DNG/IMG_4570.DNG,07_历史批量归档_DNG,IMG_4570.DNG,.dng,27722035,26.438,1742542096
/Users/retriedstormtrooper/Downloads/03_图片素材/RAW_DNG照片/07_历史批量归档_DNG/IMG_4571.DNG,07_历史批量归档_DNG/IMG_4571.DNG,07_历史批量归档_DNG,IMG_4571.DNG,.dng,26852582,25.609,1742542027
/Users/retriedstormtrooper/Downloads/03_图片素材/RAW_DNG照片/07_历史批量归档_DNG/IMG_4572.DNG,07_历史批量归档_DNG/IMG_4572.DNG,07_历史批量归档_DNG,IMG_4572.DNG,.dng,26822703,25.58,1742542034
/Users/retriedstormtrooper/Downloads/03_图片素材/RAW_DNG照片/07_历史批量归档_DNG/IMG_4575.DNG,07_历史批量归档_DNG/IMG_4575.DNG,07_历史批量归档_DNG,IMG_4575.DNG,.dng,24554014,23.417,1742542772
/Users/retriedstormtrooper/Downloads/03_图片素材/RAW_DNG照片/07_历史批量归档_DNG/IMG_4576.DNG,07_历史批量归档_DNG/IMG_4576.DNG,07_历史批量归档_DNG,IMG_4576.DNG,.dng,28205882,26.899,1742542836
/Users/retriedstormtrooper/Downloads/03_图片素材/RAW_DNG照片/07_历史批量归档_DNG/IMG_4578.DNG,07_历史批量归档_DNG/IMG_4578.DNG,07_历史批量归档_DNG,IMG_4578.DNG,.dng,20909561,19.941,1742542966
/Users/retriedstormtrooper/Downloads/03_图片素材/RAW_DNG照片/07_历史批量归档_DNG/IMG_4580.DNG,07_历史批量归档_DNG/IMG_4580.DNG,07_历史批量归档_DNG,IMG_4580.DNG,.dng,22412419,21.374,1742543119
/Users/retriedstormtrooper/Downloads/03_图片素材/RAW_DNG照片/07_历史批量归档_DNG/IMG_4584.DNG,07_历史批量归档_DNG/IMG_4584.DNG,07_历史批量归档_DNG,IMG_4584.DNG,.dng,16866747,16.085,1742545476
/Users/retriedstormtrooper/Downloads/03_图片素材/RAW_DNG照片/07_历史批量归档_DNG/IMG_4585.DNG,07_历史批量归档_DNG/IMG_4585.DNG,07_历史批量归档_DNG,IMG_4585.DNG,.dng,19589474,18.682,1742545496
/Users/retriedstormtrooper/Downloads/03_图片素材/RAW_DNG照片/07_历史批量归档_DNG/IMG_4588.DNG,07_历史批量归档_DNG/IMG_4588.DNG,07_历史批量归档_DNG,IMG_4588.DNG,.dng,26204006,24.99,1742546499
/Users/retriedstormtrooper/Downloads/03_图片素材/RAW_DNG照片/07_历史批量归档_DNG/IMG_4590.DNG,07_历史批量归档_DNG/IMG_4590.DNG,07_历史批量归档_DNG,IMG_4590.DNG,.dng,19807685,18.89,1742547873
/Users/retriedstormtrooper/Downloads/03_图片素材/RAW_DNG照片/07_历史批量归档_DNG/IMG_4602.DNG,07_历史批量归档_DNG/IMG_4602.DNG,07_历史批量归档_DNG,IMG_4602.DNG,.dng,15687587,14.961,1742548357
/Users/retriedstormtrooper/Downloads/03_图片素材/RAW_DNG照片/07_历史批量归档_DNG/IMG_4603.DNG,07_历史批量归档_DNG/IMG_4603.DNG,07_历史批量归档_DNG,IMG_4603.DNG,.dng,18831600,17.959,1742548363
/Users/retriedstormtrooper/Downloads/03_图片素材/RAW_DNG照片/07_历史批量归档_DNG/IMG_4606.DNG,07_历史批量归档_DNG/IMG_4606.DNG,07_历史批量归档_DNG,IMG_4606.DNG,.dng,25200345,24.033,1742548987
/Users/retriedstormtrooper/Downloads/03_图片素材/RAW_DNG照片/07_历史批量归档_DNG/IMG_4608.DNG,07_历史批量归档_DNG/IMG_4608.DNG,07_历史批量归档_DNG,IMG_4608.DNG,.dng,16251196,15.498,1742549170
/Users/retriedstormtrooper/Downloads/03_图片素材/RAW_DNG照片/07_历史批量归档_DNG/IMG_4609.DNG,07_历史批量归档_DNG/IMG_4609.DNG,07_历史批量归档_DNG,IMG_4609.DNG,.dng,21266972,20.282,1742549289
/Users/retriedstormtrooper/Downloads/03_图片素材/RAW_DNG照片/07_历史批量归档_DNG/IMG_4610.DNG,07_历史批量归档_DNG/IMG_4610.DNG,07_历史批量归档_DNG,IMG_4610.DNG,.dng,19355911,18.459,1742549302
/Users/retriedstormtrooper/Downloads/03_图片素材/RAW_DNG照片/07_历史批量归档_DNG/IMG_4611.DNG,07_历史批量归档_DNG/IMG_4611.DNG,07_历史批量归档_DNG,IMG_4611.DNG,.dng,21343672,20.355,1742549322
/Users/retriedstormtrooper/Downloads/03_图片素材/RAW_DNG照片/07_历史批量归档_DNG/IMG_4612.DNG,07_历史批量归档_DNG/IMG_4612.DNG,07_历史批量归档_DNG,IMG_4612.DNG,.dng,19725091,18.811,1742549320
/Users/retriedstormtrooper/Downloads/03_图片素材/RAW_DNG照片/07_历史批量归档_DNG/IMG_4613.DNG,07_历史批量归档_DNG/IMG_4613.DNG,07_历史批量归档_DNG,IMG_4613.DNG,.dng,20562204,19.61,1742549347
/Users/retriedstormtrooper/Downloads/03_图片素材/RAW_DNG照片/07_历史批量归档_DNG/IMG_4614.DNG,07_历史批量归档_DNG/IMG_4614.DNG,07_历史批量归档_DNG,IMG_4614.DNG,.dng,18121419,17.282,1742549398
/Users/retriedstormtrooper/Downloads/03_图片素材/RAW_DNG照片/07_历史批量归档_DNG/IMG_4615.DNG,07_历史批量归档_DNG/IMG_4615.DNG,07_历史批量归档_DNG,IMG_4615.DNG,.dng,16083451,15.338,1742549405
/Users/retriedstormtrooper/Downloads/03_图片素材/RAW_DNG照片/07_历史批量归档_DNG/IMG_4616.DNG,07_历史批量归档_DNG/IMG_4616.DNG,07_历史批量归档_DNG,IMG_4616.DNG,.dng,23059989,21.992,1742550179
/Users/retriedstormtrooper/Downloads/03_图片素材/RAW_DNG照片/07_历史批量归档_DNG/IMG_4617.DNG,07_历史批量归档_DNG/IMG_4617.DNG,07_历史批量归档_DNG,IMG_4617.DNG,.dng,24975445,23.818,1742549506
/Users/retriedstormtrooper/Downloads/03_图片素材/RAW_DNG照片/07_历史批量归档_DNG/IMG_4618.DNG,07_历史批量归档_DNG/IMG_4618.DNG,07_历史批量归档_DNG,IMG_4618.DNG,.dng,25756020,24.563,1742549503
/Users/retriedstormtrooper/Downloads/03_图片素材/RAW_DNG照片/07_历史批量归档_DNG/IMG_4623.DNG,07_历史批量归档_DNG/IMG_4623.DNG,07_历史批量归档_DNG,IMG_4623.DNG,.dng,25463521,24.284,1742550240
/Users/retriedstormtrooper/Downloads/03_图片素材/RAW_DNG照片/07_历史批量归档_DNG/IMG_4624.DNG,07_历史批量归档_DNG/IMG_4624.DNG,07_历史批量归档_DNG,IMG_4624.DNG,.dng,24819183,23.669,1742550873
/Users/retriedstormtrooper/Downloads/03_图片素材/RAW_DNG照片/07_历史批量归档_DNG/IMG_4625.DNG,07_历史批量归档_DNG/IMG_4625.DNG,07_历史批量归档_DNG,IMG_4625.DNG,.dng,26373825,25.152,1742550255
/Users/retriedstormtrooper/Downloads/03_图片素材/RAW_DNG照片/07_历史批量归档_DNG/IMG_4626.DNG,07_历史批量归档_DNG/IMG_4626.DNG,07_历史批量归档_DNG,IMG_4626.DNG,.dng,25276994,24.106,1742550525
/Users/retriedstormtrooper/Downloads/03_图片素材/RAW_DNG照片/07_历史批量归档_DNG/IMG_4627.DNG,07_历史批量归档_DNG/IMG_4627.DNG,07_历史批量归档_DNG,IMG_4627.DNG,.dng,24811032,23.662,1742551164
/Users/retriedstormtrooper/Downloads/03_图片素材/RAW_DNG照片/07_历史批量归档_DNG/IMG_4628.DNG,07_历史批量归档_DNG/IMG_4628.DNG,07_历史批量归档_DNG,IMG_4628.DNG,.dng,23516066,22.427,1742551177
/Users/retriedstormtrooper/Downloads/03_图片素材/RAW_DNG照片/07_历史批量归档_DNG/IMG_4651.DNG,07_历史批量归档_DNG/IMG_4651.DNG,07_历史批量归档_DNG,IMG_4651.DNG,.dng,22160228,21.134,1742552087
/Users/retriedstormtrooper/Downloads/03_图片素材/RAW_DNG照片/07_历史批量归档_DNG/IMG_4652.DNG,07_历史批量归档_DNG/IMG_4652.DNG,07_历史批量归档_DNG,IMG_4652.DNG,.dng,25404322,24.227,1742552078
/Users/retriedstormtrooper/Downloads/03_图片素材/RAW_DNG照片/07_历史批量归档_DNG/IMG_4653.DNG,07_历史批量归档_DNG/IMG_4653.DNG,07_历史批量归档_DNG,IMG_4653.DNG,.dng,26019072,24.814,1742552083
/Users/retriedstormtrooper/Downloads/03_图片素材/RAW_DNG照片/07_历史批量归档_DNG/IMG_4654.DNG,07_历史批量归档_DNG/IMG_4654.DNG,07_历史批量归档_DNG,IMG_4654.DNG,.dng,17905366,17.076,1742552112
/Users/retriedstormtrooper/Downloads/03_图片素材/RAW_DNG照片/07_历史批量归档_DNG/IMG_4661.DNG,07_历史批量归档_DNG/IMG_4661.DNG,07_历史批量归档_DNG,IMG_4661.DNG,.dng,20961828,19.991,1742552474
/Users/retriedstormtrooper/Downloads/03_图片素材/RAW_DNG照片/07_历史批量归档_DNG/IMG_4671.DNG,07_历史批量归档_DNG/IMG_4671.DNG,07_历史批量归档_DNG,IMG_4671.DNG,.dng,20968234,19.997,1742557293
/Users/retriedstormtrooper/Downloads/03_图片素材/RAW_DNG照片/07_历史批量归档_DNG/IMG_4672.DNG,07_历史批量归档_DNG/IMG_4672.DNG,07_历史批量归档_DNG,IMG_4672.DNG,.dng,20280238,19.341,1742557314
/Users/retriedstormtrooper/Downloads/03_图片素材/RAW_DNG照片/07_历史批量归档_DNG/IMG_4673.DNG,07_历史批量归档_DNG/IMG_4673.DNG,07_历史批量归档_DNG,IMG_4673.DNG,.dng,17730629,16.909,1742557339
/Users/retriedstormtrooper/Downloads/03_图片素材/RAW_DNG照片/07_历史批量归档_DNG/IMG_4814.DNG,07_历史批量归档_DNG/IMG_4814.DNG,07_历史批量归档_DNG,IMG_4814.DNG,.dng,20446991,19.5,1742716275
/Users/retriedstormtrooper/Downloads/03_图片素材/RAW_DNG照片/07_历史批量归档_DNG/IMG_4815.DNG,07_历史批量归档_DNG/IMG_4815.DNG,07_历史批量归档_DNG,IMG_4815.DNG,.dng,20783673,19.821,1742716272
/Users/retriedstormtrooper/Downloads/03_图片素材/RAW_DNG照片/07_历史批量归档_DNG/IMG_4816.DNG,07_历史批量归档_DNG/IMG_4816.DNG,07_历史批量归档_DNG,IMG_4816.DNG,.dng,22959725,21.896,1742716268
/Users/retriedstormtrooper/Downloads/03_图片素材/RAW_DNG照片/07_历史批量归档_DNG/IMG_4817.DNG,07_历史批量归档_DNG/IMG_4817.DNG,07_历史批量归档_DNG,IMG_4817.DNG,.dng,64512939,61.524,1742716545
/Users/retriedstormtrooper/Downloads/03_图片素材/RAW_DNG照片/07_历史批量归档_DNG/IMG_4820.DNG,07_历史批量归档_DNG/IMG_4820.DNG,07_历史批量归档_DNG,IMG_4820.DNG,.dng,25943325,24.741,1742716944
/Users/retriedstormtrooper/Downloads/03_图片素材/RAW_DNG照片/07_历史批量归档_DNG/IMG_4823.DNG,07_历史批量归档_DNG/IMG_4823.DNG,07_历史批量归档_DNG,IMG_4823.DNG,.dng,25299717,24.128,1742716995
/Users/retriedstormtrooper/Downloads/03_图片素材/RAW_DNG照片/07_历史批量归档_DNG/IMG_4824.DNG,07_历史批量归档_DNG/IMG_4824.DNG,07_历史批量归档_DNG,IMG_4824.DNG,.dng,26651994,25.417,1742717054
/Users/retriedstormtrooper/Downloads/03_图片素材/RAW_DNG照片/07_历史批量归档_DNG/IMG_4834.DNG,07_历史批量归档_DNG/IMG_4834.DNG,07_历史批量归档_DNG,IMG_4834.DNG,.dng,18765484,17.896,1759415253
/Users/retriedstormtrooper/Downloads/03_图片素材/RAW_DNG照片/07_历史批量归档_DNG/IMG_4845.DNG,07_历史批量归档_DNG/IMG_4845.DNG,07_历史批量归档_DNG,IMG_4845.DNG,.dng,27594277,26.316,1742719561
/Users/retriedstormtrooper/Downloads/03_图片素材/RAW_DNG照片/07_历史批量归档_DNG/IMG_4846.DNG,07_历史批量归档_DNG/IMG_4846.DNG,07_历史批量归档_DNG,IMG_4846.DNG,.dng,26339607,25.119,1742719568
/Users/retriedstormtrooper/Downloads/03_图片素材/RAW_DNG照片/07_历史批量归档_DNG/IMG_4847.DNG,07_历史批量归档_DNG/IMG_4847.DNG,07_历史批量归档_DNG,IMG_4847.DNG,.dng,29629708,28.257,1742719730
/Users/retriedstormtrooper/Downloads/03_图片素材/RAW_DNG照片/07_历史批量归档_DNG/IMG_4848.DNG,07_历史批量归档_DNG/IMG_4848.DNG,07_历史批量归档_DNG,IMG_4848.DNG,.dng,97336995,92.828,1742719718
/Users/retriedstormtrooper/Downloads/03_图片素材/RAW_DNG照片/07_历史批量归档_DNG/IMG_4849.DNG,07_历史批量归档_DNG/IMG_4849.DNG,07_历史批量归档_DNG,IMG_4849.DNG,.dng,27171864,25.913,1742719711
/Users/retriedstormtrooper/Downloads/03_图片素材/RAW_DNG照片/07_历史批量归档_DNG/IMG_4850.DNG,07_历史批量归档_DNG/IMG_4850.DNG,07_历史批量归档_DNG,IMG_4850.DNG,.dng,26918239,25.671,1742719601
/Users/retriedstormtrooper/Downloads/03_图片素材/RAW_DNG照片/07_历史批量归档_DNG/IMG_4851.DNG,07_历史批量归档_DNG/IMG_4851.DNG,07_历史批量归档_DNG,IMG_4851.DNG,.dng,27778596,26.492,1742719612
/Users/retriedstormtrooper/Downloads/03_图片素材/RAW_DNG照片/07_历史批量归档_DNG/IMG_4852.DNG,07_历史批量归档_DNG/IMG_4852.DNG,07_历史批量归档_DNG,IMG_4852.DNG,.dng,27251761,25.989,1742719619
/Users/retriedstormtrooper/Downloads/03_图片素材/RAW_DNG照片/07_历史批量归档_DNG/IMG_4853.DNG,07_历史批量归档_DNG/IMG_4853.DNG,07_历史批量归档_DNG,IMG_4853.DNG,.dng,26887370,25.642,1742719882
/Users/retriedstormtrooper/Downloads/03_图片素材/RAW_DNG照片/07_历史批量归档_DNG/IMG_4861.DNG,07_历史批量归档_DNG/IMG_4861.DNG,07_历史批量归档_DNG,IMG_4861.DNG,.dng,23546325,22.456,1742719962
/Users/retriedstormtrooper/Downloads/03_图片素材/RAW_DNG照片/07_历史批量归档_DNG/IMG_4862.DNG,07_历史批量归档_DNG/IMG_4862.DNG,07_历史批量归档_DNG,IMG_4862.DNG,.dng,24619689,23.479,1742719975
/Users/retriedstormtrooper/Downloads/03_图片素材/RAW_DNG照片/07_历史批量归档_DNG/IMG_4864.DNG,07_历史批量归档_DNG/IMG_4864.DNG,07_历史批量归档_DNG,IMG_4864.DNG,.dng,21489100,20.494,1742719991
/Users/retriedstormtrooper/Downloads/03_图片素材/RAW_DNG照片/07_历史批量归档_DNG/IMG_4865.DNG,07_历史批量归档_DNG/IMG_4865.DNG,07_历史批量归档_DNG,IMG_4865.DNG,.dng,23132506,22.061,1742720141
/Users/retriedstormtrooper/Downloads/03_图片素材/RAW_DNG照片/07_历史批量归档_DNG/IMG_4886.DNG,07_历史批量归档_DNG/IMG_4886.DNG,07_历史批量归档_DNG,IMG_4886.DNG,.dng,24029044,22.916,1742721868
/Users/retriedstormtrooper/Downloads/03_图片素材/RAW_DNG照片/07_历史批量归档_DNG/IMG_4887.DNG,07_历史批量归档_DNG/IMG_4887.DNG,07_历史批量归档_DNG,IMG_4887.DNG,.dng,18671368,17.806,1742721772
/Users/retriedstormtrooper/Downloads/03_图片素材/RAW_DNG照片/07_历史批量归档_DNG/IMG_4888.DNG,07_历史批量归档_DNG/IMG_4888.DNG,07_历史批量归档_DNG,IMG_4888.DNG,.dng,19012095,18.131,1742721771
/Users/retriedstormtrooper/Downloads/03_图片素材/RAW_DNG照片/07_历史批量归档_DNG/IMG_4891.DNG,07_历史批量归档_DNG/IMG_4891.DNG,07_历史批量归档_DNG,IMG_4891.DNG,.dng,70722644,67.446,1742722142
/Users/retriedstormtrooper/Downloads/03_图片素材/RAW_DNG照片/07_历史批量归档_DNG/IMG_4892.DNG,07_历史批量归档_DNG/IMG_4892.DNG,07_历史批量归档_DNG,IMG_4892.DNG,.dng,61720005,58.861,1742722140
/Users/retriedstormtrooper/Downloads/03_图片素材/RAW_DNG照片/07_历史批量归档_DNG/IMG_4893.DNG,07_历史批量归档_DNG/IMG_4893.DNG,07_历史批量归档_DNG,IMG_4893.DNG,.dng,21643818,20.641,1742722164
/Users/retriedstormtrooper/Downloads/03_图片素材/RAW_DNG照片/07_历史批量归档_DNG/IMG_4894.DNG,07_历史批量归档_DNG/IMG_4894.DNG,07_历史批量归档_DNG,IMG_4894.DNG,.dng,73311316,69.915,1742722176
/Users/retriedstormtrooper/Downloads/03_图片素材/RAW_DNG照片/07_历史批量归档_DNG/IMG_4909.DNG,07_历史批量归档_DNG/IMG_4909.DNG,07_历史批量归档_DNG,IMG_4909.DNG,.dng,30455410,29.045,1742723099
/Users/retriedstormtrooper/Downloads/03_图片素材/RAW_DNG照片/07_历史批量归档_DNG/IMG_4910.DNG,07_历史批量归档_DNG/IMG_4910.DNG,07_历史批量归档_DNG,IMG_4910.DNG,.dng,29371147,28.011,1742723106
/Users/retriedstormtrooper/Downloads/03_图片素材/RAW_DNG照片/07_历史批量归档_DNG/IMG_4911.DNG,07_历史批量归档_DNG/IMG_4911.DNG,07_历史批量归档_DNG,IMG_4911.DNG,.dng,28966867,27.625,1742723137
/Users/retriedstormtrooper/Downloads/03_图片素材/RAW_DNG照片/07_历史批量归档_DNG/IMG_4912.DNG,07_历史批量归档_DNG/IMG_4912.DNG,07_历史批量归档_DNG,IMG_4912.DNG,.dng,33501630,31.95,1742723136
/Users/retriedstormtrooper/Downloads/03_图片素材/RAW_DNG照片/07_历史批量归档_DNG/IMG_4913.DNG,07_历史批量归档_DNG/IMG_4913.DNG,07_历史批量归档_DNG,IMG_4913.DNG,.dng,25161030,23.995,1742723153
/Users/retriedstormtrooper/Downloads/03_图片素材/RAW_DNG照片/07_历史批量归档_DNG/IMG_4914.DNG,07_历史批量归档_DNG/IMG_4914.DNG,07_历史批量归档_DNG,IMG_4914.DNG,.dng,24114338,22.997,1742723221
/Users/retriedstormtrooper/Downloads/03_图片素材/RAW_DNG照片/07_历史批量归档_DNG/IMG_4915.DNG,07_历史批量归档_DNG/IMG_4915.DNG,07_历史批量归档_DNG,IMG_4915.DNG,.dng,27680745,26.398,1742723191
/Users/retriedstormtrooper/Downloads/03_图片素材/RAW_DNG照片/07_历史批量归档_DNG/IMG_4916.DNG,07_历史批量归档_DNG/IMG_4916.DNG,07_历史批量归档_DNG,IMG_4916.DNG,.dng,27263741,26.001,1742723200
/Users/retriedstormtrooper/Downloads/03_图片素材/RAW_DNG照片/07_历史批量归档_DNG/IMG_4917.DNG,07_历史批量归档_DNG/IMG_4917.DNG,07_历史批量归档_DNG,IMG_4917.DNG,.dng,30335327,28.93,1742723260
/Users/retriedstormtrooper/Downloads/03_图片素材/RAW_DNG照片/07_历史批量归档_DNG/IMG_4918.DNG,07_历史批量归档_DNG/IMG_4918.DNG,07_历史批量归档_DNG,IMG_4918.DNG,.dng,31473747,30.016,1742723269
/Users/retriedstormtrooper/Downloads/03_图片素材/RAW_DNG照片/07_历史批量归档_DNG/IMG_4919.DNG,07_历史批量归档_DNG/IMG_4919.DNG,07_历史批量归档_DNG,IMG_4919.DNG,.dng,67779083,64.639,1742723351
/Users/retriedstormtrooper/Downloads/03_图片素材/RAW_DNG照片/07_历史批量归档_DNG/IMG_4920.DNG,07_历史批量归档_DNG/IMG_4920.DNG,07_历史批量归档_DNG,IMG_4920.DNG,.dng,21734320,20.727,1742723349
/Users/retriedstormtrooper/Downloads/03_图片素材/RAW_DNG照片/07_历史批量归档_DNG/IMG_4921.DNG,07_历史批量归档_DNG/IMG_4921.DNG,07_历史批量归档_DNG,IMG_4921.DNG,.dng,15264195,14.557,1742723309
/Users/retriedstormtrooper/Downloads/03_图片素材/RAW_DNG照片/07_历史批量归档_DNG/IMG_4922.DNG,07_历史批量归档_DNG/IMG_4922.DNG,07_历史批量归档_DNG,IMG_4922.DNG,.dng,16407300,15.647,1742723314
/Users/retriedstormtrooper/Downloads/03_图片素材/RAW_DNG照片/07_历史批量归档_DNG/IMG_4923.DNG,07_历史批量归档_DNG/IMG_4923.DNG,07_历史批量归档_DNG,IMG_4923.DNG,.dng,26698838,25.462,1742723321
/Users/retriedstormtrooper/Downloads/03_图片素材/RAW_DNG照片/07_历史批量归档_DNG/IMG_4926.DNG,07_历史批量归档_DNG/IMG_4926.DNG,07_历史批量归档_DNG,IMG_4926.DNG,.dng,34566011,32.965,1742723489
/Users/retriedstormtrooper/Downloads/03_图片素材/RAW_DNG照片/07_历史批量归档_DNG/IMG_4927.DNG,07_历史批量归档_DNG/IMG_4927.DNG,07_历史批量归档_DNG,IMG_4927.DNG,.dng,24940897,23.785,1742724140
/Users/retriedstormtrooper/Downloads/03_图片素材/RAW_DNG照片/07_历史批量归档_DNG/IMG_4928.DNG,07_历史批量归档_DNG/IMG_4928.DNG,07_历史批量归档_DNG,IMG_4928.DNG,.dng,25314860,24.142,1742723551
/Users/retriedstormtrooper/Downloads/03_图片素材/RAW_DNG照片/07_历史批量归档_DNG/IMG_4929.DNG,07_历史批量归档_DNG/IMG_4929.DNG,07_历史批量归档_DNG,IMG_4929.DNG,.dng,27505478,26.231,1742723546
/Users/retriedstormtrooper/Downloads/03_图片素材/RAW_DNG照片/07_历史批量归档_DNG/IMG_4930.DNG,07_历史批量归档_DNG/IMG_4930.DNG,07_历史批量归档_DNG,IMG_4930.DNG,.dng,31405944,29.951,1742723561
/Users/retriedstormtrooper/Downloads/03_图片素材/RAW_DNG照片/07_历史批量归档_DNG/IMG_5296.DNG,07_历史批量归档_DNG/IMG_5296.DNG,07_历史批量归档_DNG,IMG_5296.DNG,.dng,59439540,56.686,1742975056
/Users/retriedstormtrooper/Downloads/03_图片素材/RAW_DNG照片/07_历史批量归档_DNG/IMG_5699.DNG,07_历史批量归档_DNG/IMG_5699.DNG,07_历史批量归档_DNG,IMG_5699.DNG,.dng,18785755,17.915,1743301067
/Users/retriedstormtrooper/Downloads/03_图片素材/RAW_DNG照片/07_历史批量归档_DNG/IMG_5700.DNG,07_历史批量归档_DNG/IMG_5700.DNG,07_历史批量归档_DNG,IMG_5700.DNG,.dng,14819629,14.133,1743301050
/Users/retriedstormtrooper/Downloads/03_图片素材/RAW_DNG照片/07_历史批量归档_DNG/IMG_5701.DNG,07_历史批量归档_DNG/IMG_5701.DNG,07_历史批量归档_DNG,IMG_5701.DNG,.dng,14855584,14.167,1743301062
/Users/retriedstormtrooper/Downloads/03_图片素材/RAW_DNG照片/07_历史批量归档_DNG/IMG_5726.DNG,07_历史批量归档_DNG/IMG_5726.DNG,07_历史批量归档_DNG,IMG_5726.DNG,.dng,35205571,33.575,1743331535
/Users/retriedstormtrooper/Downloads/03_图片素材/RAW_DNG照片/07_历史批量归档_DNG/IMG_5727.DNG,07_历史批量归档_DNG/IMG_5727.DNG,07_历史批量归档_DNG,IMG_5727.DNG,.dng,19894136,18.973,1743331532
/Users/retriedstormtrooper/Downloads/03_图片素材/RAW_DNG照片/07_历史批量归档_DNG/IMG_5729.DNG,07_历史批量归档_DNG/IMG_5729.DNG,07_历史批量归档_DNG,IMG_5729.DNG,.dng,17400130,16.594,1743331868
/Users/retriedstormtrooper/Downloads/03_图片素材/RAW_DNG照片/07_历史批量归档_DNG/IMG_5730.DNG,07_历史批量归档_DNG/IMG_5730.DNG,07_历史批量归档_DNG,IMG_5730.DNG,.dng,20530861,19.58,1743331895
/Users/retriedstormtrooper/Downloads/03_图片素材/RAW_DNG照片/07_历史批量归档_DNG/IMG_5818.DNG,07_历史批量归档_DNG/IMG_5818.DNG,07_历史批量归档_DNG,IMG_5818.DNG,.dng,19105321,18.22,1743415450
/Users/retriedstormtrooper/Downloads/03_图片素材/RAW_DNG照片/07_历史批量归档_DNG/IMG_5819.DNG,07_历史批量归档_DNG/IMG_5819.DNG,07_历史批量归档_DNG,IMG_5819.DNG,.dng,18688852,17.823,1743415470
/Users/retriedstormtrooper/Downloads/03_图片素材/RAW_DNG照片/07_历史批量归档_DNG/IMG_5820.DNG,07_历史批量归档_DNG/IMG_5820.DNG,07_历史批量归档_DNG,IMG_5820.DNG,.dng,21983980,20.966,1743415491
/Users/retriedstormtrooper/Downloads/03_图片素材/RAW_DNG照片/07_历史批量归档_DNG/IMG_5821.DNG,07_历史批量归档_DNG/IMG_5821.DNG,07_历史批量归档_DNG,IMG_5821.DNG,.dng,16884627,16.102,1743415488
/Users/retriedstormtrooper/Downloads/03_图片素材/RAW_DNG照片/07_历史批量归档_DNG/IMG_5822.DNG,07_历史批量归档_DNG/IMG_5822.DNG,07_历史批量归档_DNG,IMG_5822.DNG,.dng,19500155,18.597,1743415503
/Users/retriedstormtrooper/Downloads/03_图片素材/RAW_DNG照片/07_历史批量归档_DNG/IMG_5823.DNG,07_历史批量归档_DNG/IMG_5823.DNG,07_历史批量归档_DNG,IMG_5823.DNG,.dng,19632616,18.723,1743415539
/Users/retriedstormtrooper/Downloads/03_图片素材/RAW_DNG照片/07_历史批量归档_DNG/IMG_5824.DNG,07_历史批量归档_DNG/IMG_5824.DNG,07_历史批量归档_DNG,IMG_5824.DNG,.dng,15763831,15.034,1743415552
/Users/retriedstormtrooper/Downloads/03_图片素材/RAW_DNG照片/07_历史批量归档_DNG/IMG_5825.DNG,07_历史批量归档_DNG/IMG_5825.DNG,07_历史批量归档_DNG,IMG_5825.DNG,.dng,21600053,20.599,1743415576
/Users/retriedstormtrooper/Downloads/03_图片素材/RAW_DNG照片/07_历史批量归档_DNG/IMG_6075.DNG,07_历史批量归档_DNG/IMG_6075.DNG,07_历史批量归档_DNG,IMG_6075.DNG,.dng,19597545,18.69,1743678404
/Users/retriedstormtrooper/Downloads/03_图片素材/RAW_DNG照片/07_历史批量归档_DNG/IMG_6076.DNG,07_历史批量归档_DNG/IMG_6076.DNG,07_历史批量归档_DNG,IMG_6076.DNG,.dng,19902177,18.98,1743678411
/Users/retriedstormtrooper/Downloads/03_图片素材/RAW_DNG照片/07_历史批量归档_DNG/IMG_6077.DNG,07_历史批量归档_DNG/IMG_6077.DNG,07_历史批量归档_DNG,IMG_6077.DNG,.dng,20188065,19.253,1743678420
/Users/retriedstormtrooper/Downloads/03_图片素材/RAW_DNG照片/07_历史批量归档_DNG/IMG_6080.DNG,07_历史批量归档_DNG/IMG_6080.DNG,07_历史批量归档_DNG,IMG_6080.DNG,.dng,18896866,18.021,1743682237
/Users/retriedstormtrooper/Downloads/03_图片素材/RAW_DNG照片/07_历史批量归档_DNG/IMG_6081.DNG,07_历史批量归档_DNG/IMG_6081.DNG,07_历史批量归档_DNG,IMG_6081.DNG,.dng,19410429,18.511,1743682245
/Users/retriedstormtrooper/Downloads/03_图片素材/RAW_DNG照片/07_历史批量归档_DNG/IMG_6086.DNG,07_历史批量归档_DNG/IMG_6086.DNG,07_历史批量归档_DNG,IMG_6086.DNG,.dng,20931533,19.962,1743683283
/Users/retriedstormtrooper/Downloads/03_图片素材/RAW_DNG照片/07_历史批量归档_DNG/IMG_6087.DNG,07_历史批量归档_DNG/IMG_6087.DNG,07_历史批量归档_DNG,IMG_6087.DNG,.dng,26078244,24.87,1743683300
/Users/retriedstormtrooper/Downloads/03_图片素材/RAW_DNG照片/07_历史批量归档_DNG/IMG_6088.DNG,07_历史批量归档_DNG/IMG_6088.DNG,07_历史批量归档_DNG,IMG_6088.DNG,.dng,23412004,22.327,1743683913
/Users/retriedstormtrooper/Downloads/03_图片素材/RAW_DNG照片/07_历史批量归档_DNG/IMG_6089.DNG,07_历史批量归档_DNG/IMG_6089.DNG,07_历史批量归档_DNG,IMG_6089.DNG,.dng,30430173,29.02,1743683929
/Users/retriedstormtrooper/Downloads/03_图片素材/RAW_DNG照片/07_历史批量归档_DNG/IMG_6090.DNG,07_历史批量归档_DNG/IMG_6090.DNG,07_历史批量归档_DNG,IMG_6090.DNG,.dng,22347037,21.312,1743683954
/Users/retriedstormtrooper/Downloads/03_图片素材/RAW_DNG照片/07_历史批量归档_DNG/IMG_6091.DNG,07_历史批量归档_DNG/IMG_6091.DNG,07_历史批量归档_DNG,IMG_6091.DNG,.dng,22556883,21.512,1743683987
/Users/retriedstormtrooper/Downloads/03_图片素材/RAW_DNG照片/07_历史批量归档_DNG/IMG_6173.DNG,07_历史批量归档_DNG/IMG_6173.DNG,07_历史批量归档_DNG,IMG_6173.DNG,.dng,29083769,27.736,1743739979
/Users/retriedstormtrooper/Downloads/03_图片素材/RAW_DNG照片/07_历史批量归档_DNG/IMG_6174.DNG,07_历史批量归档_DNG/IMG_6174.DNG,07_历史批量归档_DNG,IMG_6174.DNG,.dng,88876304,84.759,1743740094
/Users/retriedstormtrooper/Downloads/03_图片素材/RAW_DNG照片/07_历史批量归档_DNG/IMG_6175.DNG,07_历史批量归档_DNG/IMG_6175.DNG,07_历史批量归档_DNG,IMG_6175.DNG,.dng,31333462,29.882,1743740086
/Users/retriedstormtrooper/Downloads/03_图片素材/RAW_DNG照片/07_历史批量归档_DNG/IMG_6176.DNG,07_历史批量归档_DNG/IMG_6176.DNG,07_历史批量归档_DNG,IMG_6176.DNG,.dng,29738792,28.361,1743740085
/Users/retriedstormtrooper/Downloads/03_图片素材/RAW_DNG照片/07_历史批量归档_DNG/IMG_6177.DNG,07_历史批量归档_DNG/IMG_6177.DNG,07_历史批量归档_DNG,IMG_6177.DNG,.dng,24807599,23.658,1743740284
/Users/retriedstormtrooper/Downloads/03_图片素材/RAW_DNG照片/07_历史批量归档_DNG/IMG_6179.DNG,07_历史批量归档_DNG/IMG_6179.DNG,07_历史批量归档_DNG,IMG_6179.DNG,.dng,23704882,22.607,1743740281
/Users/retriedstormtrooper/Downloads/03_图片素材/RAW_DNG照片/07_历史批量归档_DNG/IMG_6180.DNG,07_历史批量归档_DNG/IMG_6180.DNG,07_历史批量归档_DNG,IMG_6180.DNG,.dng,24332534,23.205,1743740299
/Users/retriedstormtrooper/Downloads/03_图片素材/RAW_DNG照片/07_历史批量归档_DNG/IMG_6181.DNG,07_历史批量归档_DNG/IMG_6181.DNG,07_历史批量归档_DNG,IMG_6181.DNG,.dng,26396812,25.174,1743740343
/Users/retriedstormtrooper/Downloads/03_图片素材/RAW_DNG照片/07_历史批量归档_DNG/IMG_6182.DNG,07_历史批量归档_DNG/IMG_6182.DNG,07_历史批量归档_DNG,IMG_6182.DNG,.dng,25802975,24.608,1743740341
/Users/retriedstormtrooper/Downloads/03_图片素材/RAW_DNG照片/07_历史批量归档_DNG/IMG_6184.DNG,07_历史批量归档_DNG/IMG_6184.DNG,07_历史批量归档_DNG,IMG_6184.DNG,.dng,27187398,25.928,1743740704
/Users/retriedstormtrooper/Downloads/03_图片素材/RAW_DNG照片/07_历史批量归档_DNG/IMG_6185.DNG,07_历史批量归档_DNG/IMG_6185.DNG,07_历史批量归档_DNG,IMG_6185.DNG,.dng,26423661,25.2,1743740701
/Users/retriedstormtrooper/Downloads/03_图片素材/RAW_DNG照片/07_历史批量归档_DNG/IMG_6186.DNG,07_历史批量归档_DNG/IMG_6186.DNG,07_历史批量归档_DNG,IMG_6186.DNG,.dng,25885078,24.686,1743740977
/Users/retriedstormtrooper/Downloads/03_图片素材/RAW_DNG照片/07_历史批量归档_DNG/IMG_6188.DNG,07_历史批量归档_DNG/IMG_6188.DNG,07_历史批量归档_DNG,IMG_6188.DNG,.dng,29302392,27.945,1743741338
/Users/retriedstormtrooper/Downloads/03_图片素材/RAW_DNG照片/07_历史批量归档_DNG/IMG_6189.DNG,07_历史批量归档_DNG/IMG_6189.DNG,07_历史批量归档_DNG,IMG_6189.DNG,.dng,28088307,26.787,1743741334
/Users/retriedstormtrooper/Downloads/03_图片素材/RAW_DNG照片/07_历史批量归档_DNG/IMG_6190.DNG,07_历史批量归档_DNG/IMG_6190.DNG,07_历史批量归档_DNG,IMG_6190.DNG,.dng,31567250,30.105,1743741452
/Users/retriedstormtrooper/Downloads/03_图片素材/RAW_DNG照片/07_历史批量归档_DNG/IMG_6191.DNG,07_历史批量归档_DNG/IMG_6191.DNG,07_历史批量归档_DNG,IMG_6191.DNG,.dng,26144527,24.933,1743741432
/Users/retriedstormtrooper/Downloads/03_图片素材/RAW_DNG照片/07_历史批量归档_DNG/IMG_6193.DNG,07_历史批量归档_DNG/IMG_6193.DNG,07_历史批量归档_DNG,IMG_6193.DNG,.dng,23049938,21.982,1743741548
/Users/retriedstormtrooper/Downloads/03_图片素材/RAW_DNG照片/07_历史批量归档_DNG/IMG_6194.DNG,07_历史批量归档_DNG/IMG_6194.DNG,07_历史批量归档_DNG,IMG_6194.DNG,.dng,23344450,22.263,1743741558
/Users/retriedstormtrooper/Downloads/03_图片素材/RAW_DNG照片/07_历史批量归档_DNG/IMG_6195.DNG,07_历史批量归档_DNG/IMG_6195.DNG,07_历史批量归档_DNG,IMG_6195.DNG,.dng,25369119,24.194,1743741579
/Users/retriedstormtrooper/Downloads/03_图片素材/RAW_DNG照片/07_历史批量归档_DNG/IMG_6196.DNG,07_历史批量归档_DNG/IMG_6196.DNG,07_历史批量归档_DNG,IMG_6196.DNG,.dng,26261562,25.045,1743741606
/Users/retriedstormtrooper/Downloads/03_图片素材/RAW_DNG照片/07_历史批量归档_DNG/IMG_6200.DNG,07_历史批量归档_DNG/IMG_6200.DNG,07_历史批量归档_DNG,IMG_6200.DNG,.dng,26590840,25.359,1743742278
/Users/retriedstormtrooper/Downloads/03_图片素材/RAW_DNG照片/07_历史批量归档_DNG/IMG_6201.DNG,07_历史批量归档_DNG/IMG_6201.DNG,07_历史批量归档_DNG,IMG_6201.DNG,.dng,23141599,22.07,1743742308
/Users/retriedstormtrooper/Downloads/03_图片素材/RAW_DNG照片/07_历史批量归档_DNG/IMG_6263.DNG,07_历史批量归档_DNG/IMG_6263.DNG,07_历史批量归档_DNG,IMG_6263.DNG,.dng,22043626,21.022,1743764993
/Users/retriedstormtrooper/Downloads/03_图片素材/RAW_DNG照片/07_历史批量归档_DNG/IMG_6264.DNG,07_历史批量归档_DNG/IMG_6264.DNG,07_历史批量归档_DNG,IMG_6264.DNG,.dng,22702039,21.65,1743765005
/Users/retriedstormtrooper/Downloads/03_图片素材/RAW_DNG照片/07_历史批量归档_DNG/IMG_6267.DNG,07_历史批量归档_DNG/IMG_6267.DNG,07_历史批量归档_DNG,IMG_6267.DNG,.dng,26336565,25.117,1743765386
/Users/retriedstormtrooper/Downloads/03_图片素材/RAW_DNG照片/07_历史批量归档_DNG/IMG_6268.DNG,07_历史批量归档_DNG/IMG_6268.DNG,07_历史批量归档_DNG,IMG_6268.DNG,.dng,25045602,23.885,1743765408
/Users/retriedstormtrooper/Downloads/03_图片素材/RAW_DNG照片/07_历史批量归档_DNG/IMG_6269.DNG,07_历史批量归档_DNG/IMG_6269.DNG,07_历史批量归档_DNG,IMG_6269.DNG,.dng,24543645,23.407,1743765425
/Users/retriedstormtrooper/Downloads/03_图片素材/RAW_DNG照片/07_历史批量归档_DNG/IMG_6272.DNG,07_历史批量归档_DNG/IMG_6272.DNG,07_历史批量归档_DNG,IMG_6272.DNG,.dng,19310129,18.416,1743765687
/Users/retriedstormtrooper/Downloads/03_图片素材/RAW_DNG照片/07_历史批量归档_DNG/IMG_6273.DNG,07_历史批量归档_DNG/IMG_6273.DNG,07_历史批量归档_DNG,IMG_6273.DNG,.dng,19789398,18.873,1743765712
/Users/retriedstormtrooper/Downloads/03_图片素材/RAW_DNG照片/07_历史批量归档_DNG/IMG_6274.DNG,07_历史批量归档_DNG/IMG_6274.DNG,07_历史批量归档_DNG,IMG_6274.DNG,.dng,21594171,20.594,1743765772
/Users/retriedstormtrooper/Downloads/03_图片素材/RAW_DNG照片/07_历史批量归档_DNG/IMG_6275.DNG,07_历史批量归档_DNG/IMG_6275.DNG,07_历史批量归档_DNG,IMG_6275.DNG,.dng,21752936,20.745,1743765779
/Users/retriedstormtrooper/Downloads/03_图片素材/RAW_DNG照片/07_历史批量归档_DNG/IMG_6276.DNG,07_历史批量归档_DNG/IMG_6276.DNG,07_历史批量归档_DNG,IMG_6276.DNG,.dng,19468725,18.567,1743765833
/Users/retriedstormtrooper/Downloads/03_图片素材/RAW_DNG照片/07_历史批量归档_DNG/IMG_6277.DNG,07_历史批量归档_DNG/IMG_6277.DNG,07_历史批量归档_DNG,IMG_6277.DNG,.dng,23430241,22.345,1743765865
/Users/retriedstormtrooper/Downloads/03_图片素材/RAW_DNG照片/07_历史批量归档_DNG/IMG_6278.DNG,07_历史批量归档_DNG/IMG_6278.DNG,07_历史批量归档_DNG,IMG_6278.DNG,.dng,22873478,21.814,1743765903
/Users/retriedstormtrooper/Downloads/03_图片素材/RAW_DNG照片/07_历史批量归档_DNG/IMG_6279.DNG,07_历史批量归档_DNG/IMG_6279.DNG,07_历史批量归档_DNG,IMG_6279.DNG,.dng,22592886,21.546,1743765926
/Users/retriedstormtrooper/Downloads/03_图片素材/RAW_DNG照片/07_历史批量归档_DNG/IMG_6280.DNG,07_历史批量归档_DNG/IMG_6280.DNG,07_历史批量归档_DNG,IMG_6280.DNG,.dng,17448126,16.64,1743766003
/Users/retriedstormtrooper/Downloads/03_图片素材/RAW_DNG照片/07_历史批量归档_DNG/IMG_6281.DNG,07_历史批量归档_DNG/IMG_6281.DNG,07_历史批量归档_DNG,IMG_6281.DNG,.dng,17541195,16.729,1743766071
/Users/retriedstormtrooper/Downloads/03_图片素材/RAW_DNG照片/07_历史批量归档_DNG/IMG_6282.DNG,07_历史批量归档_DNG/IMG_6282.DNG,07_历史批量归档_DNG,IMG_6282.DNG,.dng,17920222,17.09,1743766097
/Users/retriedstormtrooper/Downloads/03_图片素材/RAW_DNG照片/07_历史批量归档_DNG/IMG_6283.DNG,07_历史批量归档_DNG/IMG_6283.DNG,07_历史批量归档_DNG,IMG_6283.DNG,.dng,18212079,17.368,1743766128
/Users/retriedstormtrooper/Downloads/03_图片素材/RAW_DNG照片/07_历史批量归档_DNG/IMG_6284.DNG,07_历史批量归档_DNG/IMG_6284.DNG,07_历史批量归档_DNG,IMG_6284.DNG,.dng,16636459,15.866,1743766167
/Users/retriedstormtrooper/Downloads/03_图片素材/RAW_DNG照片/07_历史批量归档_DNG/IMG_6285.DNG,07_历史批量归档_DNG/IMG_6285.DNG,07_历史批量归档_DNG,IMG_6285.DNG,.dng,18766379,17.897,1743766206
/Users/retriedstormtrooper/Downloads/03_图片素材/RAW_DNG照片/07_历史批量归档_DNG/IMG_6286.DNG,07_历史批量归档_DNG/IMG_6286.DNG,07_历史批量归档_DNG,IMG_6286.DNG,.dng,18328360,17.479,1743766261
/Users/retriedstormtrooper/Downloads/03_图片素材/RAW_DNG照片/07_历史批量归档_DNG/IMG_6287.DNG,07_历史批量归档_DNG/IMG_6287.DNG,07_历史批量归档_DNG,IMG_6287.DNG,.dng,20337413,19.395,1743766316
/Users/retriedstormtrooper/Downloads/03_图片素材/RAW_DNG照片/07_历史批量归档_DNG/IMG_6288.DNG,07_历史批量归档_DNG/IMG_6288.DNG,07_历史批量归档_DNG,IMG_6288.DNG,.dng,13290075,12.674,1743766404
/Users/retriedstormtrooper/Downloads/03_图片素材/RAW_DNG照片/07_历史批量归档_DNG/IMG_6289.DNG,07_历史批量归档_DNG/IMG_6289.DNG,07_历史批量归档_DNG,IMG_6289.DNG,.dng,15536212,14.816,1743766477
/Users/retriedstormtrooper/Downloads/03_图片素材/RAW_DNG照片/07_历史批量归档_DNG/IMG_6290.DNG,07_历史批量归档_DNG/IMG_6290.DNG,07_历史批量归档_DNG,IMG_6290.DNG,.dng,14477244,13.807,1743766524
/Users/retriedstormtrooper/Downloads/03_图片素材/RAW_DNG照片/07_历史批量归档_DNG/IMG_6291.DNG,07_历史批量归档_DNG/IMG_6291.DNG,07_历史批量归档_DNG,IMG_6291.DNG,.dng,15746303,15.017,1743766553
/Users/retriedstormtrooper/Downloads/03_图片素材/RAW_DNG照片/07_历史批量归档_DNG/IMG_6292.DNG,07_历史批量归档_DNG/IMG_6292.DNG,07_历史批量归档_DNG,IMG_6292.DNG,.dng,15330169,14.62,1743766579
/Users/retriedstormtrooper/Downloads/03_图片素材/RAW_DNG照片/07_历史批量归档_DNG/IMG_6293.DNG,07_历史批量归档_DNG/IMG_6293.DNG,07_历史批量归档_DNG,IMG_6293.DNG,.dng,17202597,16.406,1743766595
/Users/retriedstormtrooper/Downloads/03_图片素材/RAW_DNG照片/07_历史批量归档_DNG/IMG_6297.DNG,07_历史批量归档_DNG/IMG_6297.DNG,07_历史批量归档_DNG,IMG_6297.DNG,.dng,17742020,16.92,1743766751
/Users/retriedstormtrooper/Downloads/03_图片素材/RAW_DNG照片/07_历史批量归档_DNG/IMG_6298.DNG,07_历史批量归档_DNG/IMG_6298.DNG,07_历史批量归档_DNG,IMG_6298.DNG,.dng,19638232,18.728,1743766950
/Users/retriedstormtrooper/Downloads/03_图片素材/RAW_DNG照片/07_历史批量归档_DNG/IMG_6301.DNG,07_历史批量归档_DNG/IMG_6301.DNG,07_历史批量归档_DNG,IMG_6301.DNG,.dng,19599498,18.692,1743767524
/Users/retriedstormtrooper/Downloads/03_图片素材/RAW_DNG照片/07_历史批量归档_DNG/IMG_6302.DNG,07_历史批量归档_DNG/IMG_6302.DNG,07_历史批量归档_DNG,IMG_6302.DNG,.dng,22272600,21.241,1743768024
/Users/retriedstormtrooper/Downloads/03_图片素材/RAW_DNG照片/07_历史批量归档_DNG/IMG_6319.DNG,07_历史批量归档_DNG/IMG_6319.DNG,07_历史批量归档_DNG,IMG_6319.DNG,.dng,15702498,14.975,1743768920
/Users/retriedstormtrooper/Downloads/03_图片素材/RAW_DNG照片/07_历史批量归档_DNG/IMG_6320.DNG,07_历史批量归档_DNG/IMG_6320.DNG,07_历史批量归档_DNG,IMG_6320.DNG,.dng,15190420,14.487,1743768953
/Users/retriedstormtrooper/Downloads/03_图片素材/RAW_DNG照片/07_历史批量归档_DNG/IMG_6330.DNG,07_历史批量归档_DNG/IMG_6330.DNG,07_历史批量归档_DNG,IMG_6330.DNG,.dng,13675432,13.042,1743769294
/Users/retriedstormtrooper/Downloads/03_图片素材/RAW_DNG照片/07_历史批量归档_DNG/IMG_6331.DNG,07_历史批量归档_DNG/IMG_6331.DNG,07_历史批量归档_DNG,IMG_6331.DNG,.dng,13570937,12.942,1743769316
/Users/retriedstormtrooper/Downloads/03_图片素材/RAW_DNG照片/07_历史批量归档_DNG/IMG_6332.DNG,07_历史批量归档_DNG/IMG_6332.DNG,07_历史批量归档_DNG,IMG_6332.DNG,.dng,15520249,14.801,1743769327
/Users/retriedstormtrooper/Downloads/03_图片素材/RAW_DNG照片/07_历史批量归档_DNG/IMG_6333.DNG,07_历史批量归档_DNG/IMG_6333.DNG,07_历史批量归档_DNG,IMG_6333.DNG,.dng,14817030,14.131,1743769337
/Users/retriedstormtrooper/Downloads/03_图片素材/RAW_DNG照片/07_历史批量归档_DNG/IMG_6335.DNG,07_历史批量归档_DNG/IMG_6335.DNG,07_历史批量归档_DNG,IMG_6335.DNG,.dng,12449861,11.873,1743769381
/Users/retriedstormtrooper/Downloads/03_图片素材/RAW_DNG照片/07_历史批量归档_DNG/IMG_6336.DNG,07_历史批量归档_DNG/IMG_6336.DNG,07_历史批量归档_DNG,IMG_6336.DNG,.dng,14412719,13.745,1743769391
/Users/retriedstormtrooper/Downloads/03_图片素材/RAW_DNG照片/07_历史批量归档_DNG/IMG_6337.DNG,07_历史批量归档_DNG/IMG_6337.DNG,07_历史批量归档_DNG,IMG_6337.DNG,.dng,14670761,13.991,1743769399
/Users/retriedstormtrooper/Downloads/03_图片素材/RAW_DNG照片/07_历史批量归档_DNG/IMG_6352.DNG,07_历史批量归档_DNG/IMG_6352.DNG,07_历史批量归档_DNG,IMG_6352.DNG,.dng,17163862,16.369,1743770271
/Users/retriedstormtrooper/Downloads/03_图片素材/RAW_DNG照片/07_历史批量归档_DNG/IMG_6353.DNG,07_历史批量归档_DNG/IMG_6353.DNG,07_历史批量归档_DNG,IMG_6353.DNG,.dng,17269896,16.47,1743770291
/Users/retriedstormtrooper/Downloads/03_图片素材/RAW_DNG照片/07_历史批量归档_DNG/IMG_6354.DNG,07_历史批量归档_DNG/IMG_6354.DNG,07_历史批量归档_DNG,IMG_6354.DNG,.dng,16693941,15.921,1743770315
/Users/retriedstormtrooper/Downloads/03_图片素材/RAW_DNG照片/07_历史批量归档_DNG/IMG_6355.DNG,07_历史批量归档_DNG/IMG_6355.DNG,07_历史批量归档_DNG,IMG_6355.DNG,.dng,18366548,17.516,1743770348
/Users/retriedstormtrooper/Downloads/03_图片素材/RAW_DNG照片/07_历史批量归档_DNG/IMG_6435.DNG,07_历史批量归档_DNG/IMG_6435.DNG,07_历史批量归档_DNG,IMG_6435.DNG,.dng,29445372,28.081,1743823813
/Users/retriedstormtrooper/Downloads/03_图片素材/RAW_DNG照片/07_历史批量归档_DNG/IMG_6436.DNG,07_历史批量归档_DNG/IMG_6436.DNG,07_历史批量归档_DNG,IMG_6436.DNG,.dng,26958714,25.71,1743823844
/Users/retriedstormtrooper/Downloads/03_图片素材/RAW_DNG照片/07_历史批量归档_DNG/IMG_6437.DNG,07_历史批量归档_DNG/IMG_6437.DNG,07_历史批量归档_DNG,IMG_6437.DNG,.dng,24422171,23.291,1743823853
/Users/retriedstormtrooper/Downloads/03_图片素材/RAW_DNG照片/07_历史批量归档_DNG/IMG_6438.DNG,07_历史批量归档_DNG/IMG_6438.DNG,07_历史批量归档_DNG,IMG_6438.DNG,.dng,9819055,9.364,1743823885
/Users/retriedstormtrooper/Downloads/03_图片素材/RAW_DNG照片/07_历史批量归档_DNG/IMG_6439.DNG,07_历史批量归档_DNG/IMG_6439.DNG,07_历史批量归档_DNG,IMG_6439.DNG,.dng,23388779,22.305,1743823892
/Users/retriedstormtrooper/Downloads/03_图片素材/RAW_DNG照片/07_历史批量归档_DNG/IMG_6443.DNG,07_历史批量归档_DNG/IMG_6443.DNG,07_历史批量归档_DNG,IMG_6443.DNG,.dng,25988381,24.784,1743823998
/Users/retriedstormtrooper/Downloads/03_图片素材/RAW_DNG照片/07_历史批量归档_DNG/IMG_6445.DNG,07_历史批量归档_DNG/IMG_6445.DNG,07_历史批量归档_DNG,IMG_6445.DNG,.dng,32626508,31.115,1743824117
/Users/retriedstormtrooper/Downloads/03_图片素材/RAW_DNG照片/07_历史批量归档_DNG/IMG_6446.DNG,07_历史批量归档_DNG/IMG_6446.DNG,07_历史批量归档_DNG,IMG_6446.DNG,.dng,32387379,30.887,1743824110
/Users/retriedstormtrooper/Downloads/03_图片素材/RAW_DNG照片/07_历史批量归档_DNG/IMG_6458.DNG,07_历史批量归档_DNG/IMG_6458.DNG,07_历史批量归档_DNG,IMG_6458.DNG,.dng,53140072,50.678,1743830692
/Users/retriedstormtrooper/Downloads/03_图片素材/RAW_DNG照片/07_历史批量归档_DNG/IMG_6467.DNG,07_历史批量归档_DNG/IMG_6467.DNG,07_历史批量归档_DNG,IMG_6467.DNG,.dng,26261385,25.045,1743834389
/Users/retriedstormtrooper/Downloads/03_图片素材/RAW_DNG照片/07_历史批量归档_DNG/IMG_6468.DNG,07_历史批量归档_DNG/IMG_6468.DNG,07_历史批量归档_DNG,IMG_6468.DNG,.dng,27277460,26.014,1743834386
/Users/retriedstormtrooper/Downloads/03_图片素材/RAW_DNG照片/07_历史批量归档_DNG/IMG_6469.DNG,07_历史批量归档_DNG/IMG_6469.DNG,07_历史批量归档_DNG,IMG_6469.DNG,.dng,26604828,25.372,1743834415
/Users/retriedstormtrooper/Downloads/03_图片素材/RAW_DNG照片/07_历史批量归档_DNG/IMG_6471.DNG,07_历史批量归档_DNG/IMG_6471.DNG,07_历史批量归档_DNG,IMG_6471.DNG,.dng,23832275,22.728,1743834832
/Users/retriedstormtrooper/Downloads/03_图片素材/RAW_DNG照片/07_历史批量归档_DNG/IMG_6472.DNG,07_历史批量归档_DNG/IMG_6472.DNG,07_历史批量归档_DNG,IMG_6472.DNG,.dng,23487146,22.399,1743834829
/Users/retriedstormtrooper/Downloads/03_图片素材/RAW_DNG照片/07_历史批量归档_DNG/IMG_6473.DNG,07_历史批量归档_DNG/IMG_6473.DNG,07_历史批量归档_DNG,IMG_6473.DNG,.dng,28688735,27.36,1743834997
/Users/retriedstormtrooper/Downloads/03_图片素材/RAW_DNG照片/07_历史批量归档_DNG/IMG_6474.DNG,07_历史批量归档_DNG/IMG_6474.DNG,07_历史批量归档_DNG,IMG_6474.DNG,.dng,27566748,26.29,1743835012
/Users/retriedstormtrooper/Downloads/03_图片素材/RAW_DNG照片/07_历史批量归档_DNG/IMG_6475.DNG,07_历史批量归档_DNG/IMG_6475.DNG,07_历史批量归档_DNG,IMG_6475.DNG,.dng,31117406,29.676,1743835120
/Users/retriedstormtrooper/Downloads/03_图片素材/RAW_DNG照片/07_历史批量归档_DNG/IMG_6476.DNG,07_历史批量归档_DNG/IMG_6476.DNG,07_历史批量归档_DNG,IMG_6476.DNG,.dng,32004627,30.522,1743835145
/Users/retriedstormtrooper/Downloads/03_图片素材/RAW_DNG照片/07_历史批量归档_DNG/IMG_6479.DNG,07_历史批量归档_DNG/IMG_6479.DNG,07_历史批量归档_DNG,IMG_6479.DNG,.dng,28894401,27.556,1743835220
/Users/retriedstormtrooper/Downloads/03_图片素材/RAW_DNG照片/07_历史批量归档_DNG/IMG_6480.DNG,07_历史批量归档_DNG/IMG_6480.DNG,07_历史批量归档_DNG,IMG_6480.DNG,.dng,76153400,72.626,1743835465
/Users/retriedstormtrooper/Downloads/03_图片素材/RAW_DNG照片/07_历史批量归档_DNG/IMG_6483.DNG,07_历史批量归档_DNG/IMG_6483.DNG,07_历史批量归档_DNG,IMG_6483.DNG,.dng,27576857,26.299,1743835564
/Users/retriedstormtrooper/Downloads/03_图片素材/RAW_DNG照片/07_历史批量归档_DNG/IMG_6486.DNG,07_历史批量归档_DNG/IMG_6486.DNG,07_历史批量归档_DNG,IMG_6486.DNG,.dng,21980003,20.962,1743835767
/Users/retriedstormtrooper/Downloads/03_图片素材/RAW_DNG照片/07_历史批量归档_DNG/IMG_6487.DNG,07_历史批量归档_DNG/IMG_6487.DNG,07_历史批量归档_DNG,IMG_6487.DNG,.dng,32948497,31.422,1743836454
/Users/retriedstormtrooper/Downloads/03_图片素材/RAW_DNG照片/07_历史批量归档_DNG/IMG_6492.DNG,07_历史批量归档_DNG/IMG_6492.DNG,07_历史批量归档_DNG,IMG_6492.DNG,.dng,25068392,23.907,1743838666
/Users/retriedstormtrooper/Downloads/03_图片素材/RAW_DNG照片/07_历史批量归档_DNG/IMG_6499.DNG,07_历史批量归档_DNG/IMG_6499.DNG,07_历史批量归档_DNG,IMG_6499.DNG,.dng,10996558,10.487,1743839360
/Users/retriedstormtrooper/Downloads/03_图片素材/RAW_DNG照片/07_历史批量归档_DNG/IMG_6500.DNG,07_历史批量归档_DNG/IMG_6500.DNG,07_历史批量归档_DNG,IMG_6500.DNG,.dng,12623757,12.039,1743839377
/Users/retriedstormtrooper/Downloads/03_图片素材/RAW_DNG照片/07_历史批量归档_DNG/IMG_6501.DNG,07_历史批量归档_DNG/IMG_6501.DNG,07_历史批量归档_DNG,IMG_6501.DNG,.dng,20792734,19.829,1743839388
/Users/retriedstormtrooper/Downloads/03_图片素材/RAW_DNG照片/07_历史批量归档_DNG/IMG_6502.DNG,07_历史批量归档_DNG/IMG_6502.DNG,07_历史批量归档_DNG,IMG_6502.DNG,.dng,20426176,19.48,1743839406
/Users/retriedstormtrooper/Downloads/03_图片素材/RAW_DNG照片/07_历史批量归档_DNG/IMG_6503.DNG,07_历史批量归档_DNG/IMG_6503.DNG,07_历史批量归档_DNG,IMG_6503.DNG,.dng,27482785,26.21,1743840379
/Users/retriedstormtrooper/Downloads/03_图片素材/RAW_DNG照片/07_历史批量归档_DNG/IMG_6504.DNG,07_历史批量归档_DNG/IMG_6504.DNG,07_历史批量归档_DNG,IMG_6504.DNG,.dng,22891575,21.831,1743842153
/Users/retriedstormtrooper/Downloads/03_图片素材/RAW_DNG照片/07_历史批量归档_DNG/IMG_6506.DNG,07_历史批量归档_DNG/IMG_6506.DNG,07_历史批量归档_DNG,IMG_6506.DNG,.dng,18090029,17.252,1743843466
/Users/retriedstormtrooper/Downloads/03_图片素材/RAW_DNG照片/07_历史批量归档_DNG/IMG_6523.DNG,07_历史批量归档_DNG/IMG_6523.DNG,07_历史批量归档_DNG,IMG_6523.DNG,.dng,20501999,19.552,1743850244
/Users/retriedstormtrooper/Downloads/03_图片素材/RAW_DNG照片/07_历史批量归档_DNG/IMG_6543.DNG,07_历史批量归档_DNG/IMG_6543.DNG,07_历史批量归档_DNG,IMG_6543.DNG,.dng,17488093,16.678,1743851682
/Users/retriedstormtrooper/Downloads/03_图片素材/RAW_DNG照片/07_历史批量归档_DNG/IMG_6544.DNG,07_历史批量归档_DNG/IMG_6544.DNG,07_历史批量归档_DNG,IMG_6544.DNG,.dng,14841180,14.154,1743851691
/Users/retriedstormtrooper/Downloads/03_图片素材/RAW_DNG照片/07_历史批量归档_DNG/IMG_6545.DNG,07_历史批量归档_DNG/IMG_6545.DNG,07_历史批量归档_DNG,IMG_6545.DNG,.dng,14860661,14.172,1743851696
/Users/retriedstormtrooper/Downloads/03_图片素材/RAW_DNG照片/07_历史批量归档_DNG/IMG_6546.DNG,07_历史批量归档_DNG/IMG_6546.DNG,07_历史批量归档_DNG,IMG_6546.DNG,.dng,17495282,16.685,1743851713
/Users/retriedstormtrooper/Downloads/03_图片素材/RAW_DNG照片/07_历史批量归档_DNG/IMG_6547.DNG,07_历史批量归档_DNG/IMG_6547.DNG,07_历史批量归档_DNG,IMG_6547.DNG,.dng,17951619,17.12,1743851729
/Users/retriedstormtrooper/Downloads/03_图片素材/RAW_DNG照片/07_历史批量归档_DNG/IMG_6548.DNG,07_历史批量归档_DNG/IMG_6548.DNG,07_历史批量归档_DNG,IMG_6548.DNG,.dng,17344012,16.541,1743851742
/Users/retriedstormtrooper/Downloads/03_图片素材/RAW_DNG照片/07_历史批量归档_DNG/IMG_6550.DNG,07_历史批量归档_DNG/IMG_6550.DNG,07_历史批量归档_DNG,IMG_6550.DNG,.dng,15844975,15.111,1743851838
/Users/retriedstormtrooper/Downloads/03_图片素材/RAW_DNG照片/07_历史批量归档_DNG/IMG_6551.DNG,07_历史批量归档_DNG/IMG_6551.DNG,07_历史批量归档_DNG,IMG_6551.DNG,.dng,14947165,14.255,1743851867
/Users/retriedstormtrooper/Downloads/03_图片素材/RAW_DNG照片/07_历史批量归档_DNG/IMG_6552.DNG,07_历史批量归档_DNG/IMG_6552.DNG,07_历史批量归档_DNG,IMG_6552.DNG,.dng,13792699,13.154,1743851884
/Users/retriedstormtrooper/Downloads/03_图片素材/RAW_DNG照片/07_历史批量归档_DNG/IMG_6553.DNG,07_历史批量归档_DNG/IMG_6553.DNG,07_历史批量归档_DNG,IMG_6553.DNG,.dng,14700168,14.019,1743851916
/Users/retriedstormtrooper/Downloads/03_图片素材/RAW_DNG照片/07_历史批量归档_DNG/IMG_6554.DNG,07_历史批量归档_DNG/IMG_6554.DNG,07_历史批量归档_DNG,IMG_6554.DNG,.dng,15476431,14.759,1743851942
/Users/retriedstormtrooper/Downloads/03_图片素材/RAW_DNG照片/07_历史批量归档_DNG/IMG_6558.DNG,07_历史批量归档_DNG/IMG_6558.DNG,07_历史批量归档_DNG,IMG_6558.DNG,.dng,17323606,16.521,1743852197
/Users/retriedstormtrooper/Downloads/03_图片素材/RAW_DNG照片/07_历史批量归档_DNG/IMG_6559.DNG,07_历史批量归档_DNG/IMG_6559.DNG,07_历史批量归档_DNG,IMG_6559.DNG,.dng,12122844,11.561,1743852207
/Users/retriedstormtrooper/Downloads/03_图片素材/RAW_DNG照片/07_历史批量归档_DNG/IMG_6560.DNG,07_历史批量归档_DNG/IMG_6560.DNG,07_历史批量归档_DNG,IMG_6560.DNG,.dng,18965114,18.087,1743852223
/Users/retriedstormtrooper/Downloads/03_图片素材/RAW_DNG照片/07_历史批量归档_DNG/IMG_6561.DNG,07_历史批量归档_DNG/IMG_6561.DNG,07_历史批量归档_DNG,IMG_6561.DNG,.dng,19341165,18.445,1743852239
/Users/retriedstormtrooper/Downloads/03_图片素材/RAW_DNG照片/07_历史批量归档_DNG/IMG_6562.DNG,07_历史批量归档_DNG/IMG_6562.DNG,07_历史批量归档_DNG,IMG_6562.DNG,.dng,17752125,16.93,1743852265
/Users/retriedstormtrooper/Downloads/03_图片素材/RAW_DNG照片/07_历史批量归档_DNG/IMG_6563.DNG,07_历史批量归档_DNG/IMG_6563.DNG,07_历史批量归档_DNG,IMG_6563.DNG,.dng,19048757,18.166,1743852292
/Users/retriedstormtrooper/Downloads/03_图片素材/RAW_DNG照片/07_历史批量归档_DNG/IMG_6564.DNG,07_历史批量归档_DNG/IMG_6564.DNG,07_历史批量归档_DNG,IMG_6564.DNG,.dng,19751703,18.837,1743852301
/Users/retriedstormtrooper/Downloads/03_图片素材/RAW_DNG照片/07_历史批量归档_DNG/IMG_6565.DNG,07_历史批量归档_DNG/IMG_6565.DNG,07_历史批量归档_DNG,IMG_6565.DNG,.dng,22391608,21.354,1743852312
/Users/retriedstormtrooper/Downloads/03_图片素材/RAW_DNG照片/07_历史批量归档_DNG/IMG_6577.DNG,07_历史批量归档_DNG/IMG_6577.DNG,07_历史批量归档_DNG,IMG_6577.DNG,.dng,19708003,18.795,1743852777
/Users/retriedstormtrooper/Downloads/03_图片素材/RAW_DNG照片/07_历史批量归档_DNG/IMG_6594.DNG,07_历史批量归档_DNG/IMG_6594.DNG,07_历史批量归档_DNG,IMG_6594.DNG,.dng,14477372,13.807,1743853618
/Users/retriedstormtrooper/Downloads/03_图片素材/RAW_DNG照片/07_历史批量归档_DNG/IMG_6595.DNG,07_历史批量归档_DNG/IMG_6595.DNG,07_历史批量归档_DNG,IMG_6595.DNG,.dng,20526304,19.575,1743853632
/Users/retriedstormtrooper/Downloads/03_图片素材/RAW_DNG照片/07_历史批量归档_DNG/IMG_6602.DNG,07_历史批量归档_DNG/IMG_6602.DNG,07_历史批量归档_DNG,IMG_6602.DNG,.dng,22047711,21.026,1743854601
/Users/retriedstormtrooper/Downloads/03_图片素材/RAW_DNG照片/07_历史批量归档_DNG/IMG_6603.DNG,07_历史批量归档_DNG/IMG_6603.DNG,07_历史批量归档_DNG,IMG_6603.DNG,.dng,21648767,20.646,1743854606
/Users/retriedstormtrooper/Downloads/03_图片素材/RAW_DNG照片/07_历史批量归档_DNG/IMG_6604.DNG,07_历史批量归档_DNG/IMG_6604.DNG,07_历史批量归档_DNG,IMG_6604.DNG,.dng,21278870,20.293,1743854613
/Users/retriedstormtrooper/Downloads/03_图片素材/RAW_DNG照片/07_历史批量归档_DNG/IMG_6605.DNG,07_历史批量归档_DNG/IMG_6605.DNG,07_历史批量归档_DNG,IMG_6605.DNG,.dng,18587902,17.727,1743854658
/Users/retriedstormtrooper/Downloads/03_图片素材/RAW_DNG照片/07_历史批量归档_DNG/IMG_6607.DNG,07_历史批量归档_DNG/IMG_6607.DNG,07_历史批量归档_DNG,IMG_6607.DNG,.dng,19506605,18.603,1743854691
/Users/retriedstormtrooper/Downloads/03_图片素材/RAW_DNG照片/07_历史批量归档_DNG/IMG_6752.DNG,07_历史批量归档_DNG/IMG_6752.DNG,07_历史批量归档_DNG,IMG_6752.DNG,.dng,30578683,29.162,1743981277
/Users/retriedstormtrooper/Downloads/03_图片素材/RAW_DNG照片/07_历史批量归档_DNG/IMG_6753.DNG,07_历史批量归档_DNG/IMG_6753.DNG,07_历史批量归档_DNG,IMG_6753.DNG,.dng,30672136,29.251,1743981281
/Users/retriedstormtrooper/Downloads/03_图片素材/RAW_DNG照片/07_历史批量归档_DNG/IMG_7547_compressed.dng,07_历史批量归档_DNG/IMG_7547_compressed.dng,07_历史批量归档_DNG,IMG_7547_compressed.dng,.dng,10071974,9.605,1740809880
/Users/retriedstormtrooper/Downloads/03_图片素材/RAW_DNG照片/07_历史批量归档_DNG/IMG_7548_compressed.dng,07_历史批量归档_DNG/IMG_7548_compressed.dng,07_历史批量归档_DNG,IMG_7548_compressed.dng,.dng,9540976,9.099,1740809663
/Users/retriedstormtrooper/Downloads/03_图片素材/RAW_DNG照片/07_历史批量归档_DNG/IMG_7549_compressed.dng,07_历史批量归档_DNG/IMG_7549_compressed.dng,07_历史批量归档_DNG,IMG_7549_compressed.dng,.dng,44218158,42.17,1740809755
/Users/retriedstormtrooper/Downloads/03_图片素材/RAW_DNG照片/07_历史批量归档_DNG/IMG_7550_compressed.dng,07_历史批量归档_DNG/IMG_7550_compressed.dng,07_历史批量归档_DNG,IMG_7550_compressed.dng,.dng,44266718,42.216,1740809973
/Users/retriedstormtrooper/Downloads/03_图片素材/RAW_DNG照片/07_历史批量归档_DNG/IMG_7556_compressed.dng,07_历史批量归档_DNG/IMG_7556_compressed.dng,07_历史批量归档_DNG,IMG_7556_compressed.dng,.dng,14328632,13.665,1740809866
/Users/retriedstormtrooper/Downloads/03_图片素材/RAW_DNG照片/07_历史批量归档_DNG/IMG_7557_compressed.dng,07_历史批量归档_DNG/IMG_7557_compressed.dng,07_历史批量归档_DNG,IMG_7557_compressed.dng,.dng,12038866,11.481,1740809877
/Users/retriedstormtrooper/Downloads/03_图片素材/RAW_DNG照片/07_历史批量归档_DNG/IMG_7562_compressed.dng,07_历史批量归档_DNG/IMG_7562_compressed.dng,07_历史批量归档_DNG,IMG_7562_compressed.dng,.dng,18984416,18.105,1740809779
/Users/retriedstormtrooper/Downloads/03_图片素材/RAW_DNG照片/07_历史批量归档_DNG/IMG_7563_compressed.dng,07_历史批量归档_DNG/IMG_7563_compressed.dng,07_历史批量归档_DNG,IMG_7563_compressed.dng,.dng,10350176,9.871,1740809702
/Users/retriedstormtrooper/Downloads/03_图片素材/RAW_DNG照片/07_历史批量归档_DNG/IMG_7564_compressed.dng,07_历史批量归档_DNG/IMG_7564_compressed.dng,07_历史批量归档_DNG,IMG_7564_compressed.dng,.dng,10869938,10.366,1740809831
/Users/retriedstormtrooper/Downloads/03_图片素材/RAW_DNG照片/07_历史批量归档_DNG/IMG_7565_compressed.dng,07_历史批量归档_DNG/IMG_7565_compressed.dng,07_历史批量归档_DNG,IMG_7565_compressed.dng,.dng,10833868,10.332,1740809807
/Users/retriedstormtrooper/Downloads/03_图片素材/RAW_DNG照片/07_历史批量归档_DNG/IMG_7614_compressed.dng,07_历史批量归档_DNG/IMG_7614_compressed.dng,07_历史批量归档_DNG,IMG_7614_compressed.dng,.dng,12108642,11.548,1740809770
/Users/retriedstormtrooper/Downloads/03_图片素材/RAW_DNG照片/07_历史批量归档_DNG/IMG_7738_compressed.dng,07_历史批量归档_DNG/IMG_7738_compressed.dng,07_历史批量归档_DNG,IMG_7738_compressed.dng,.dng,12125568,11.564,1740809643
/Users/retriedstormtrooper/Downloads/03_图片素材/RAW_DNG照片/07_历史批量归档_DNG/IMG_7858_compressed.dng,07_历史批量归档_DNG/IMG_7858_compressed.dng,07_历史批量归档_DNG,IMG_7858_compressed.dng,.dng,10745892,10.248,1740809920
/Users/retriedstormtrooper/Downloads/03_图片素材/RAW_DNG照片/07_历史批量归档_DNG/IMG_7859_compressed.dng,07_历史批量归档_DNG/IMG_7859_compressed.dng,07_历史批量归档_DNG,IMG_7859_compressed.dng,.dng,11121286,10.606,1740809955
/Users/retriedstormtrooper/Downloads/03_图片素材/RAW_DNG照片/07_历史批量归档_DNG/IMG_7875_compressed.dng,07_历史批量归档_DNG/IMG_7875_compressed.dng,07_历史批量归档_DNG,IMG_7875_compressed.dng,.dng,10471248,9.986,1740809970
/Users/retriedstormtrooper/Downloads/03_图片素材/RAW_DNG照片/07_历史批量归档_DNG/IMG_7876_compressed.dng,07_历史批量归档_DNG/IMG_7876_compressed.dng,07_历史批量归档_DNG,IMG_7876_compressed.dng,.dng,11786534,11.241,1740809996
/Users/retriedstormtrooper/Downloads/03_图片素材/RAW_DNG照片/07_历史批量归档_DNG/IMG_7877_compressed.dng,07_历史批量归档_DNG/IMG_7877_compressed.dng,07_历史批量归档_DNG,IMG_7877_compressed.dng,.dng,11275556,10.753,1740810015
/Users/retriedstormtrooper/Downloads/03_图片素材/RAW_DNG照片/07_历史批量归档_DNG/IMG_7878_compressed.dng,07_历史批量归档_DNG/IMG_7878_compressed.dng,07_历史批量归档_DNG,IMG_7878_compressed.dng,.dng,11230918,10.711,1740809579
/Users/retriedstormtrooper/Downloads/03_图片素材/RAW_DNG照片/07_历史批量归档_DNG/IMG_7879_compressed.dng,07_历史批量归档_DNG/IMG_7879_compressed.dng,07_历史批量归档_DNG,IMG_7879_compressed.dng,.dng,37534566,35.796,1740809610
/Users/retriedstormtrooper/Downloads/03_图片素材/RAW_DNG照片/07_历史批量归档_DNG/IMG_7880_compressed.dng,07_历史批量归档_DNG/IMG_7880_compressed.dng,07_历史批量归档_DNG,IMG_7880_compressed.dng,.dng,37478480,35.742,1740809689
/Users/retriedstormtrooper/Downloads/03_图片素材/RAW_DNG照片/07_历史批量归档_DNG/IMG_7887_compressed.dng,07_历史批量归档_DNG/IMG_7887_compressed.dng,07_历史批量归档_DNG,IMG_7887_compressed.dng,.dng,27906480,26.614,1740809619
/Users/retriedstormtrooper/Downloads/03_图片素材/RAW_DNG照片/07_历史批量归档_DNG/IMG_7888_compressed.dng,07_历史批量归档_DNG/IMG_7888_compressed.dng,07_历史批量归档_DNG,IMG_7888_compressed.dng,.dng,11073712,10.561,1740810001
/Users/retriedstormtrooper/Downloads/03_图片素材/RAW_DNG照片/07_历史批量归档_DNG/IMG_7889_compressed.dng,07_历史批量归档_DNG/IMG_7889_compressed.dng,07_历史批量归档_DNG,IMG_7889_compressed.dng,.dng,10531224,10.043,1740809998
/Users/retriedstormtrooper/Downloads/03_图片素材/RAW_DNG照片/07_历史批量归档_DNG/IMG_7890_compressed.dng,07_历史批量归档_DNG/IMG_7890_compressed.dng,07_历史批量归档_DNG,IMG_7890_compressed.dng,.dng,10218100,9.745,1740809525
/Users/retriedstormtrooper/Downloads/03_图片素材/RAW_DNG照片/07_历史批量归档_DNG/IMG_7894_compressed.dng,07_历史批量归档_DNG/IMG_7894_compressed.dng,07_历史批量归档_DNG,IMG_7894_compressed.dng,.dng,24760046,23.613,1740809648
/Users/retriedstormtrooper/Downloads/03_图片素材/RAW_DNG照片/07_历史批量归档_DNG/IMG_7914_compressed.dng,07_历史批量归档_DNG/IMG_7914_compressed.dng,07_历史批量归档_DNG,IMG_7914_compressed.dng,.dng,10911316,10.406,1740809986
/Users/retriedstormtrooper/Downloads/03_图片素材/RAW_DNG照片/07_历史批量归档_DNG/IMG_7918_compressed.dng,07_历史批量归档_DNG/IMG_7918_compressed.dng,07_历史批量归档_DNG,IMG_7918_compressed.dng,.dng,6400974,6.104,1740809560
/Users/retriedstormtrooper/Downloads/03_图片素材/RAW_DNG照片/07_历史批量归档_DNG/IMG_7919_compressed.dng,07_历史批量归档_DNG/IMG_7919_compressed.dng,07_历史批量归档_DNG,IMG_7919_compressed.dng,.dng,11085370,10.572,1740809544
/Users/retriedstormtrooper/Downloads/03_图片素材/RAW_DNG照片/07_历史批量归档_DNG/IMG_7950_compressed.dng,07_历史批量归档_DNG/IMG_7950_compressed.dng,07_历史批量归档_DNG,IMG_7950_compressed.dng,.dng,13176778,12.566,1740809688
/Users/retriedstormtrooper/Downloads/03_图片素材/RAW_DNG照片/07_历史批量归档_DNG/IMG_7951_compressed.dng,07_历史批量归档_DNG/IMG_7951_compressed.dng,07_历史批量归档_DNG,IMG_7951_compressed.dng,.dng,12727726,12.138,1740809670
/Users/retriedstormtrooper/Downloads/03_图片素材/RAW_DNG照片/07_历史批量归档_DNG/IMG_7952_compressed.dng,07_历史批量归档_DNG/IMG_7952_compressed.dng,07_历史批量归档_DNG,IMG_7952_compressed.dng,.dng,14520602,13.848,1740809721
/Users/retriedstormtrooper/Downloads/03_图片素材/RAW_DNG照片/07_历史批量归档_DNG/IMG_7953_compressed.dng,07_历史批量归档_DNG/IMG_7953_compressed.dng,07_历史批量归档_DNG,IMG_7953_compressed.dng,.dng,11768862,11.224,1740809748
/Users/retriedstormtrooper/Downloads/03_图片素材/RAW_DNG照片/07_历史批量归档_DNG/IMG_7954_compressed.dng,07_历史批量归档_DNG/IMG_7954_compressed.dng,07_历史批量归档_DNG,IMG_7954_compressed.dng,.dng,14528166,13.855,1740809815
/Users/retriedstormtrooper/Downloads/03_图片素材/RAW_DNG照片/07_历史批量归档_DNG/IMG_7955_compressed.dng,07_历史批量归档_DNG/IMG_7955_compressed.dng,07_历史批量归档_DNG,IMG_7955_compressed.dng,.dng,11620492,11.082,1740809825
/Users/retriedstormtrooper/Downloads/03_图片素材/RAW_DNG照片/07_历史批量归档_DNG/IMG_7956_compressed.dng,07_历史批量归档_DNG/IMG_7956_compressed.dng,07_历史批量归档_DNG,IMG_7956_compressed.dng,.dng,12835142,12.241,1740809796
/Users/retriedstormtrooper/Downloads/03_图片素材/RAW_DNG照片/07_历史批量归档_DNG/IMG_7972_compressed.dng,07_历史批量归档_DNG/IMG_7972_compressed.dng,07_历史批量归档_DNG,IMG_7972_compressed.dng,.dng,11676484,11.136,1740809872
/Users/retriedstormtrooper/Downloads/03_图片素材/RAW_DNG照片/07_历史批量归档_DNG/IMG_7973_compressed.dng,07_历史批量归档_DNG/IMG_7973_compressed.dng,07_历史批量归档_DNG,IMG_7973_compressed.dng,.dng,12146814,11.584,1740809868
/Users/retriedstormtrooper/Downloads/03_图片素材/RAW_DNG照片/07_历史批量归档_DNG/IMG_7978_compressed.dng,07_历史批量归档_DNG/IMG_7978_compressed.dng,07_历史批量归档_DNG,IMG_7978_compressed.dng,.dng,12245990,11.679,1740809678
/Users/retriedstormtrooper/Downloads/03_图片素材/RAW_DNG照片/07_历史批量归档_DNG/IMG_7979_compressed.dng,07_历史批量归档_DNG/IMG_7979_compressed.dng,07_历史批量归档_DNG,IMG_7979_compressed.dng,.dng,11572776,11.037,1740809674
/Users/retriedstormtrooper/Downloads/03_图片素材/RAW_DNG照片/07_历史批量归档_DNG/IMG_8068_compressed.dng,07_历史批量归档_DNG/IMG_8068_compressed.dng,07_历史批量归档_DNG,IMG_8068_compressed.dng,.dng,32098198,30.611,1740809748
/Users/retriedstormtrooper/Downloads/03_图片素材/RAW_DNG照片/07_历史批量归档_DNG/IMG_8404_compressed.dng,07_历史批量归档_DNG/IMG_8404_compressed.dng,07_历史批量归档_DNG,IMG_8404_compressed.dng,.dng,11907994,11.356,1740809934
/Users/retriedstormtrooper/Downloads/03_图片素材/RAW_DNG照片/07_历史批量归档_DNG/IMG_8405_compressed.dng,07_历史批量归档_DNG/IMG_8405_compressed.dng,07_历史批量归档_DNG,IMG_8405_compressed.dng,.dng,12425204,11.85,1740809935
/Users/retriedstormtrooper/Downloads/03_图片素材/RAW_DNG照片/07_历史批量归档_DNG/IMG_8406_compressed.dng,07_历史批量归档_DNG/IMG_8406_compressed.dng,07_历史批量归档_DNG,IMG_8406_compressed.dng,.dng,28821160,27.486,1740809967
/Users/retriedstormtrooper/Downloads/03_图片素材/RAW_DNG照片/07_历史批量归档_DNG/IMG_8414_compressed.dng,07_历史批量归档_DNG/IMG_8414_compressed.dng,07_历史批量归档_DNG,IMG_8414_compressed.dng,.dng,9598542,9.154,1740809984
/Users/retriedstormtrooper/Downloads/03_图片素材/RAW_DNG照片/07_历史批量归档_DNG/IMG_8426_compressed.dng,07_历史批量归档_DNG/IMG_8426_compressed.dng,07_历史批量归档_DNG,IMG_8426_compressed.dng,.dng,12073702,11.514,1740809512
/Users/retriedstormtrooper/Downloads/03_图片素材/RAW_DNG照片/07_历史批量归档_DNG/IMG_8429_compressed.dng,07_历史批量归档_DNG/IMG_8429_compressed.dng,07_历史批量归档_DNG,IMG_8429_compressed.dng,.dng,11737776,11.194,1740809981
/Users/retriedstormtrooper/Downloads/03_图片素材/RAW_DNG照片/07_历史批量归档_DNG/IMG_8430_compressed.dng,07_历史批量归档_DNG/IMG_8430_compressed.dng,07_历史批量归档_DNG,IMG_8430_compressed.dng,.dng,10378430,9.898,1740809558
/Users/retriedstormtrooper/Downloads/03_图片素材/RAW_DNG照片/07_历史批量归档_DNG/IMG_8431_compressed.dng,07_历史批量归档_DNG/IMG_8431_compressed.dng,07_历史批量归档_DNG,IMG_8431_compressed.dng,.dng,9862292,9.405,1740809544
/Users/retriedstormtrooper/Downloads/03_图片素材/RAW_DNG照片/07_历史批量归档_DNG/IMG_8432_compressed.dng,07_历史批量归档_DNG/IMG_8432_compressed.dng,07_历史批量归档_DNG,IMG_8432_compressed.dng,.dng,14265992,13.605,1740809504
/Users/retriedstormtrooper/Downloads/03_图片素材/RAW_DNG照片/07_历史批量归档_DNG/IMG_8433_compressed.dng,07_历史批量归档_DNG/IMG_8433_compressed.dng,07_历史批量归档_DNG,IMG_8433_compressed.dng,.dng,11146878,10.63,1740809512
/Users/retriedstormtrooper/Downloads/03_图片素材/RAW_DNG照片/07_历史批量归档_DNG/IMG_8434_compressed.dng,07_历史批量归档_DNG/IMG_8434_compressed.dng,07_历史批量归档_DNG,IMG_8434_compressed.dng,.dng,11405790,10.877,1740809596
/Users/retriedstormtrooper/Downloads/03_图片素材/RAW_DNG照片/07_历史批量归档_DNG/IMG_8436_compressed.dng,07_历史批量归档_DNG/IMG_8436_compressed.dng,07_历史批量归档_DNG,IMG_8436_compressed.dng,.dng,11510546,10.977,1740809650
/Users/retriedstormtrooper/Downloads/03_图片素材/RAW_DNG照片/07_历史批量归档_DNG/IMG_8439_compressed.dng,07_历史批量归档_DNG/IMG_8439_compressed.dng,07_历史批量归档_DNG,IMG_8439_compressed.dng,.dng,37046686,35.33,1740810020
/Users/retriedstormtrooper/Downloads/03_图片素材/RAW_DNG照片/07_历史批量归档_DNG/IMG_8440_compressed.dng,07_历史批量归档_DNG/IMG_8440_compressed.dng,07_历史批量归档_DNG,IMG_8440_compressed.dng,.dng,9642030,9.195,1740809819
/Users/retriedstormtrooper/Downloads/03_图片素材/RAW_DNG照片/07_历史批量归档_DNG/IMG_8441_compressed.dng,07_历史批量归档_DNG/IMG_8441_compressed.dng,07_历史批量归档_DNG,IMG_8441_compressed.dng,.dng,9930816,9.471,1740809822
/Users/retriedstormtrooper/Downloads/03_图片素材/RAW_DNG照片/07_历史批量归档_DNG/IMG_8447_compressed.dng,07_历史批量归档_DNG/IMG_8447_compressed.dng,07_历史批量归档_DNG,IMG_8447_compressed.dng,.dng,33815190,32.249,1740809779
/Users/retriedstormtrooper/Downloads/03_图片素材/RAW_DNG照片/07_历史批量归档_DNG/IMG_8674_compressed.dng,07_历史批量归档_DNG/IMG_8674_compressed.dng,07_历史批量归档_DNG,IMG_8674_compressed.dng,.dng,14679908,14.0,1740809892
/Users/retriedstormtrooper/Downloads/03_图片素材/RAW_DNG照片/07_历史批量归档_DNG/IMG_8675_compressed.dng,07_历史批量归档_DNG/IMG_8675_compressed.dng,07_历史批量归档_DNG,IMG_8675_compressed.dng,.dng,13809824,13.17,1740809899
/Users/retriedstormtrooper/Downloads/03_图片素材/RAW_DNG照片/07_历史批量归档_DNG/IMG_8708_compressed.dng,07_历史批量归档_DNG/IMG_8708_compressed.dng,07_历史批量归档_DNG,IMG_8708_compressed.dng,.dng,9996964,9.534,1740809794
/Users/retriedstormtrooper/Downloads/03_图片素材/RAW_DNG照片/07_历史批量归档_DNG/IMG_8709_compressed.dng,07_历史批量归档_DNG/IMG_8709_compressed.dng,07_历史批量归档_DNG,IMG_8709_compressed.dng,.dng,9872674,9.415,1740809782
/Users/retriedstormtrooper/Downloads/03_图片素材/RAW_DNG照片/07_历史批量归档_DNG/IMG_8750_compressed.dng,07_历史批量归档_DNG/IMG_8750_compressed.dng,07_历史批量归档_DNG,IMG_8750_compressed.dng,.dng,12388614,11.815,1740809501
/Users/retriedstormtrooper/Downloads/03_图片素材/RAW_DNG照片/07_历史批量归档_DNG/IMG_8751_compressed.dng,07_历史批量归档_DNG/IMG_8751_compressed.dng,07_历史批量归档_DNG,IMG_8751_compressed.dng,.dng,12145394,11.583,1740809524
/Users/retriedstormtrooper/Downloads/03_图片素材/RAW_DNG照片/07_历史批量归档_DNG/IMG_8755_compressed.dng,07_历史批量归档_DNG/IMG_8755_compressed.dng,07_历史批量归档_DNG,IMG_8755_compressed.dng,.dng,9712568,9.263,1740809627
/Users/retriedstormtrooper/Downloads/03_图片素材/RAW_DNG照片/07_历史批量归档_DNG/IMG_8780_compressed.dng,07_历史批量归档_DNG/IMG_8780_compressed.dng,07_历史批量归档_DNG,IMG_8780_compressed.dng,.dng,9151096,8.727,1740809604
/Users/retriedstormtrooper/Downloads/03_图片素材/RAW_DNG照片/07_历史批量归档_DNG/IMG_8800_compressed.dng,07_历史批量归档_DNG/IMG_8800_compressed.dng,07_历史批量归档_DNG,IMG_8800_compressed.dng,.dng,8568186,8.171,1740809539
/Users/retriedstormtrooper/Downloads/03_图片素材/RAW_DNG照片/07_历史批量归档_DNG/IMG_8801_compressed.dng,07_历史批量归档_DNG/IMG_8801_compressed.dng,07_历史批量归档_DNG,IMG_8801_compressed.dng,.dng,10394134,9.913,1740809562
/Users/retriedstormtrooper/Downloads/03_图片素材/RAW_DNG照片/07_历史批量归档_DNG/IMG_8802_compressed.dng,07_历史批量归档_DNG/IMG_8802_compressed.dng,07_历史批量归档_DNG,IMG_8802_compressed.dng,.dng,8071146,7.697,1740809514
/Users/retriedstormtrooper/Downloads/03_图片素材/RAW_DNG照片/07_历史批量归档_DNG/IMG_8803_compressed.dng,07_历史批量归档_DNG/IMG_8803_compressed.dng,07_历史批量归档_DNG,IMG_8803_compressed.dng,.dng,9727374,9.277,1740809498
/Users/retriedstormtrooper/Downloads/03_图片素材/RAW_DNG照片/07_历史批量归档_DNG/IMG_8812_compressed.dng,07_历史批量归档_DNG/IMG_8812_compressed.dng,07_历史批量归档_DNG,IMG_8812_compressed.dng,.dng,11735424,11.192,1740809637
/Users/retriedstormtrooper/Downloads/03_图片素材/RAW_DNG照片/07_历史批量归档_DNG/IMG_9183_compressed.dng,07_历史批量归档_DNG/IMG_9183_compressed.dng,07_历史批量归档_DNG,IMG_9183_compressed.dng,.dng,10162760,9.692,1740809844
/Users/retriedstormtrooper/Downloads/03_图片素材/RAW_DNG照片/07_历史批量归档_DNG/IMG_9272_compressed.dng,07_历史批量归档_DNG/IMG_9272_compressed.dng,07_历史批量归档_DNG,IMG_9272_compressed.dng,.dng,11382054,10.855,1740809579
/Users/retriedstormtrooper/Downloads/03_图片素材/RAW_DNG照片/07_历史批量归档_DNG/IMG_9273_compressed.dng,07_历史批量归档_DNG/IMG_9273_compressed.dng,07_历史批量归档_DNG,IMG_9273_compressed.dng,.dng,8693924,8.291,1740809589
/Users/retriedstormtrooper/Downloads/03_图片素材/RAW_DNG照片/07_历史批量归档_DNG/IMG_9274_compressed.dng,07_历史批量归档_DNG/IMG_9274_compressed.dng,07_历史批量归档_DNG,IMG_9274_compressed.dng,.dng,11586418,11.05,1740809500
/Users/retriedstormtrooper/Downloads/03_图片素材/RAW_DNG照片/07_历史批量归档_DNG/IMG_9275_compressed.dng,07_历史批量归档_DNG/IMG_9275_compressed.dng,07_历史批量归档_DNG,IMG_9275_compressed.dng,.dng,8618774,8.22,1740809510
/Users/retriedstormtrooper/Downloads/03_图片素材/RAW_DNG照片/07_历史批量归档_DNG/IMG_9341_compressed.dng,07_历史批量归档_DNG/IMG_9341_compressed.dng,07_历史批量归档_DNG,IMG_9341_compressed.dng,.dng,9331034,8.899,1740809859
/Users/retriedstormtrooper/Downloads/03_图片素材/RAW_DNG照片/07_历史批量归档_DNG/IMG_9342_compressed.dng,07_历史批量归档_DNG/IMG_9342_compressed.dng,07_历史批量归档_DNG,IMG_9342_compressed.dng,.dng,9301124,8.87,1740809847
/Users/retriedstormtrooper/Downloads/03_图片素材/RAW_DNG照片/07_历史批量归档_DNG/IMG_9343_compressed.dng,07_历史批量归档_DNG/IMG_9343_compressed.dng,07_历史批量归档_DNG,IMG_9343_compressed.dng,.dng,6559902,6.256,1740809848
/Users/retriedstormtrooper/Downloads/03_图片素材/RAW_DNG照片/07_历史批量归档_DNG/IMG_9352_compressed.dng,07_历史批量归档_DNG/IMG_9352_compressed.dng,07_历史批量归档_DNG,IMG_9352_compressed.dng,.dng,8131224,7.755,1740809906
/Users/retriedstormtrooper/Downloads/03_图片素材/RAW_DNG照片/07_历史批量归档_DNG/IMG_9353_compressed.dng,07_历史批量归档_DNG/IMG_9353_compressed.dng,07_历史批量归档_DNG,IMG_9353_compressed.dng,.dng,8132648,7.756,1740809893
/Users/retriedstormtrooper/Downloads/03_图片素材/RAW_DNG照片/07_历史批量归档_DNG/IMG_9354_compressed.dng,07_历史批量归档_DNG/IMG_9354_compressed.dng,07_历史批量归档_DNG,IMG_9354_compressed.dng,.dng,12144232,11.582,1740809878
/Users/retriedstormtrooper/Downloads/03_图片素材/RAW_DNG照片/07_历史批量归档_DNG/IMG_9357_compressed.dng,07_历史批量归档_DNG/IMG_9357_compressed.dng,07_历史批量归档_DNG,IMG_9357_compressed.dng,.dng,11614662,11.077,1740809853
/Users/retriedstormtrooper/Downloads/03_图片素材/RAW_DNG照片/07_历史批量归档_DNG/IMG_9358_compressed.dng,07_历史批量归档_DNG/IMG_9358_compressed.dng,07_历史批量归档_DNG,IMG_9358_compressed.dng,.dng,9281118,8.851,1740809796
/Users/retriedstormtrooper/Downloads/03_图片素材/RAW_DNG照片/07_历史批量归档_DNG/IMG_9359_compressed.dng,07_历史批量归档_DNG/IMG_9359_compressed.dng,07_历史批量归档_DNG,IMG_9359_compressed.dng,.dng,9656088,9.209,1740809773
/Users/retriedstormtrooper/Downloads/03_图片素材/RAW_DNG照片/07_历史批量归档_DNG/IMG_9399_compressed.dng,07_历史批量归档_DNG/IMG_9399_compressed.dng,07_历史批量归档_DNG,IMG_9399_compressed.dng,.dng,9611204,9.166,1740809802
/Users/retriedstormtrooper/Downloads/03_图片素材/RAW_DNG照片/07_历史批量归档_DNG/IMG_9400_compressed.dng,07_历史批量归档_DNG/IMG_9400_compressed.dng,07_历史批量归档_DNG,IMG_9400_compressed.dng,.dng,9305828,8.875,1740809805
/Users/retriedstormtrooper/Downloads/03_图片素材/RAW_DNG照片/07_历史批量归档_DNG/IMG_9401_compressed.dng,07_历史批量归档_DNG/IMG_9401_compressed.dng,07_历史批量归档_DNG,IMG_9401_compressed.dng,.dng,8534142,8.139,1740809833
/Users/retriedstormtrooper/Downloads/03_图片素材/RAW_DNG照片/07_历史批量归档_DNG/IMG_9402_compressed.dng,07_历史批量归档_DNG/IMG_9402_compressed.dng,07_历史批量归档_DNG,IMG_9402_compressed.dng,.dng,8603624,8.205,1740809791
/Users/retriedstormtrooper/Downloads/03_图片素材/RAW_DNG照片/07_历史批量归档_DNG/IMG_9403_compressed.dng,07_历史批量归档_DNG/IMG_9403_compressed.dng,07_历史批量归档_DNG,IMG_9403_compressed.dng,.dng,9401854,8.966,1740809784
/Users/retriedstormtrooper/Downloads/03_图片素材/RAW_DNG照片/07_历史批量归档_DNG/IMG_9404_compressed.dng,07_历史批量归档_DNG/IMG_9404_compressed.dng,07_历史批量归档_DNG,IMG_9404_compressed.dng,.dng,9380290,8.946,1740809701
/Users/retriedstormtrooper/Downloads/03_图片素材/RAW_DNG照片/07_历史批量归档_DNG/IMG_9405_compressed.dng,07_历史批量归档_DNG/IMG_9405_compressed.dng,07_历史批量归档_DNG,IMG_9405_compressed.dng,.dng,10347166,9.868,1740809658
/Users/retriedstormtrooper/Downloads/03_图片素材/RAW_DNG照片/07_历史批量归档_DNG/IMG_9407_compressed.dng,07_历史批量归档_DNG/IMG_9407_compressed.dng,07_历史批量归档_DNG,IMG_9407_compressed.dng,.dng,9475752,9.037,1740809760
/Users/retriedstormtrooper/Downloads/03_图片素材/RAW_DNG照片/07_历史批量归档_DNG/IMG_9547_compressed.dng,07_历史批量归档_DNG/IMG_9547_compressed.dng,07_历史批量归档_DNG,IMG_9547_compressed.dng,.dng,10614738,10.123,1740809863
/Users/retriedstormtrooper/Downloads/03_图片素材/RAW_DNG照片/07_历史批量归档_DNG/IMG_9770_compressed.dng,07_历史批量归档_DNG/IMG_9770_compressed.dng,07_历史批量归档_DNG,IMG_9770_compressed.dng,.dng,8936186,8.522,1740809716
/Users/retriedstormtrooper/Downloads/03_图片素材/RAW_DNG照片/07_历史批量归档_DNG/IMG_9771_compressed.dng,07_历史批量归档_DNG/IMG_9771_compressed.dng,07_历史批量归档_DNG,IMG_9771_compressed.dng,.dng,8836418,8.427,1740809733
/Users/retriedstormtrooper/Downloads/03_图片素材/RAW_DNG照片/07_历史批量归档_DNG/IMG_9856_compressed.dng,07_历史批量归档_DNG/IMG_9856_compressed.dng,07_历史批量归档_DNG,IMG_9856_compressed.dng,.dng,8739206,8.334,1740809523
/Users/retriedstormtrooper/Downloads/03_图片素材/RAW_DNG照片/07_历史批量归档_DNG/IMG_9915_compressed.dng,07_历史批量归档_DNG/IMG_9915_compressed.dng,07_历史批量归档_DNG,IMG_9915_compressed.dng,.dng,9057980,8.638,1740809921
/Users/retriedstormtrooper/Downloads/03_图片素材/RAW_DNG照片/07_历史批量归档_DNG/IMG_9916_compressed.dng,07_历史批量归档_DNG/IMG_9916_compressed.dng,07_历史批量归档_DNG,IMG_9916_compressed.dng,.dng,9120780,8.698,1740809908
/Users/retriedstormtrooper/Downloads/03_图片素材/RAW_DNG照片/08_小归档_Archive1_DNG/IDG_20260418_211026_929.DNG,08_小归档_Archive1_DNG/IDG_20260418_211026_929.DNG,08_小归档_Archive1_DNG,IDG_20260418_211026_929.DNG,.dng,12345372,11.773,1776518512
/Users/retriedstormtrooper/Downloads/03_图片素材/RAW_DNG照片/08_小归档_Archive1_DNG/IDG_20260418_211029_458.DNG,08_小归档_Archive1_DNG/IDG_20260418_211029_458.DNG,08_小归档_Archive1_DNG,IDG_20260418_211029_458.DNG,.dng,12316790,11.746,1776518492
/Users/retriedstormtrooper/Downloads/03_图片素材/RAW_DNG照片/08_小归档_Archive1_DNG/IMG_9333.DNG,08_小归档_Archive1_DNG/IMG_9333.DNG,08_小归档_Archive1_DNG,IMG_9333.DNG,.dng,15232508,14.527,1776525797
/Users/retriedstormtrooper/Downloads/03_图片素材/RAW_DNG照片/08_小归档_Archive1_DNG/IMG_9334.DNG,08_小归档_Archive1_DNG/IMG_9334.DNG,08_小归档_Archive1_DNG,IMG_9334.DNG,.dng,11960122,11.406,1776517834
